MW,LogP,HBD,HBA,TPSA
252.22600000000003,1.1893999999999998,2.0,4.0,109.54000000000002
300.355,0.4165999999999994,3.0,5.0,118.72
262.26199999999994,-1.782899999999998,4.0,6.0,138.95
216.192,2.5478000000000005,0.0,4.0,52.58
286.327,3.3120000000000025,2.0,4.0,66.76
274.34099999999995,3.6266000000000025,1.0,4.0,38.69
576.6570000000002,1.4884000000000013,6.0,4.0,173.33999999999995
74.551,-5.992,0.0,0.0,0.0
210.229,1.8347,1.0,4.0,47.92
130.18699999999998,1.5956,0.0,2.0,26.3
822.9420000000008,1.489700000000004,8.0,14.0,259.2
182.263,2.828500000000001,0.0,2.0,26.3
730.6310000000003,3.97650000000001,12.0,16.0,287.52
201.244,-2.9304999999999994,0.0,4.0,74.54
183.21,2.3126,0.0,2.0,29.96
324.42400000000004,3.173200000000002,1.0,4.0,45.59
180.16299999999995,1.6992999999999996,1.0,4.0,78.38999999999999
304.254,1.1142999999999994,5.0,7.0,119.61
320.4540000000001,4.357700000000003,1.0,4.0,38.69
170.25199999999998,2.686000000000001,0.0,2.0,26.3
284.264,-1.3222000000000005,4.0,7.0,116.45
342.297,-5.397199999999994,8.0,11.0,189.53
302.282,2.4070000000000005,2.0,6.0,93.06000000000002
548.5410000000005,0.4454999999999994,6.0,12.0,192.44
163.154,-0.7185999999999999,1.0,4.0,72.47
224.26,0.961,2.0,3.0,75.27000000000001
256.3449999999999,3.9662000000000033,1.0,2.0,29.46
136.14999999999998,1.3596,0.0,2.0,26.3
246.331,3.693100000000002,1.0,3.0,29.46
260.28599999999994,1.2146,0.0,6.0,78.9
808.9590000000007,1.397400000000003,8.0,14.0,242.13
199.187,-0.1756999999999999,2.0,4.0,83.47
142.18300000000002,0.74091,2.0,2.0,48.65
304.254,1.1862999999999997,5.0,7.0,127.45000000000002
158.241,2.821600000000001,1.0,1.0,37.3
136.238,3.308900000000002,0.0,0.0,0.0
362.37800000000016,1.1686,1.0,7.0,94.59
240.258,2.924220000000001,1.0,2.0,54.370000000000005
174.24,1.4907,1.0,3.0,46.53
131.175,0.5884999999999998,2.0,2.0,63.32000000000001
294.307,-0.3110999999999985,3.0,5.0,118.72
342.297,-5.397199999999994,8.0,11.0,189.53
184.279,2.9320000000000013,0.0,2.0,26.3
196.29,3.242200000000002,0.0,2.0,26.3
406.47500000000025,1.6887,1.0,7.0,106.97000000000004
300.3550000000001,0.5590999999999999,3.0,5.0,118.72
100.161,1.6215,0.0,1.0,17.07
368.4990000000001,2.4998000000000005,4.0,4.0,126.64
254.24599999999995,-2.2130999999999985,2.0,8.0,102.28
214.349,3.936200000000003,0.0,2.0,26.3
222.24,1.9771,1.0,4.0,55.760000000000005
885.0540000000003,0.4027000000000045,9.0,17.0,263.74999999999994
228.37599999999995,4.470400000000004,0.0,2.0,26.3
148.22699999999998,1.6502,0.0,3.0,26.3
352.8870000000001,3.4871000000000025,1.0,5.0,55.56
150.13,-2.7397,4.0,5.0,97.99
100.161,1.335,1.0,1.0,20.23
170.237,1.38499,2.0,2.0,48.65
242.318,3.4944200000000025,1.0,2.0,29.46
435.5010000000002,5.886000000000005,1.0,6.0,81.83
424.9910000000001,0.3895000000000002,4.0,7.0,102.26000000000002
262.305,1.2463,1.0,4.0,63.6
402.5310000000002,3.2127000000000017,3.0,5.0,90.9
294.307,-2.362599999999998,2.0,5.0,123.17
351.353,1.7959,2.0,5.0,74.57000000000001
179.1564336,-3.2213999999999987,5.0,6.0,110.38
258.342,4.016300000000003,0.0,3.0,18.46
596.714,1.4134,6.0,11.0,171.44
422.4530000000001,-2.2138999999999984,0.0,6.0,170.62
110.11199999999997,1.4822,0.0,2.0,30.21
172.22399999999996,1.6989,0.0,3.0,43.370000000000005
337.27600000000007,-1.966459999999997,2.0,5.0,75.91
272.2559999999999,2.2576000000000005,3.0,5.0,86.99
202.231,0.3307,2.0,2.0,66.4
72.063,-0.2257,0.0,2.0,34.14
518.4220000000005,5.965400000000007,0.0,2.0,6.48
797.0360000000001,3.4536000000000047,6.0,13.0,193.83
180.156,-3.2213999999999987,5.0,6.0,110.38
102.894,-5.992,0.0,0.0,0.0
196.206,1.9658,1.0,4.0,78.39
198.35,4.496300000000004,0.0,1.0,17.07
276.313,2.5601000000000003,1.0,3.0,63.60000000000001
300.31,2.863600000000002,1.0,5.0,64.99000000000001
256.257,2.6995000000000013,3.0,4.0,77.76
345.9550000000002,4.824000000000004,0.0,3.0,29.54
410.5070000000002,1.2481999999999998,3.0,7.0,105.45
172.183,2.538000000000001,1.0,1.0,37.3
180.156,-3.2213999999999987,5.0,6.0,110.38
124.183,2.0978000000000003,0.0,1.0,17.07
152.14899999999997,1.1787999999999998,1.0,3.0,46.53
314.29,-1.3136000000000003,4.0,8.0,125.68000000000002
130.212,1.8422,0.0,2.0,17.07
180.156,-3.2213999999999987,5.0,6.0,110.38
102.158,1.0221,0.0,1.0,17.07
887.0700000000007,0.4826000000000067,9.0,17.0,263.74999999999994
85.14999999999999,0.7599,1.0,1.0,12.03
270.28399999999993,2.8550000000000013,1.0,4.0,55.76
281.35200000000003,1.0415,2.0,4.0,83.47
421.47400000000016,5.800500000000005,1.0,6.0,81.83
342.297,-5.395599999999995,8.0,11.0,189.53
177.71899999999994,2.596400000000001,1.0,1.0,12.03
179.21900000000002,1.7145,1.0,2.0,52.32000000000001
206.314,2.4953000000000003,0.0,3.0,15.6
193.246,2.2257,1.0,3.0,52.32
490.6260000000003,3.0740000000000016,3.0,5.0,124.68
242.36199999999997,0.9820000000000002,0.0,4.0,68.28
446.4080000000001,0.3528999999999995,5.0,10.0,159.05
164.20399999999998,2.4339000000000013,1.0,2.0,29.46
288.255,2.0850000000000004,4.0,4.0,115.06
248.258,-2.804299999999998,1.0,3.0,81.59
217.69600000000003,1.4569,3.0,3.0,52.49
162.229,0.5448,2.0,3.0,49.69
126.15499999999996,1.5714,1.0,2.0,37.3
172.312,3.5079000000000025,1.0,1.0,20.23
302.3270000000001,-0.8585999999999996,4.0,6.0,138.95
158.285,2.9737000000000022,1.0,1.0,20.23
116.116,0.4402,1.0,2.0,54.370000000000005
436.41300000000007,-0.2024000000000002,7.0,10.0,177.14
123.11099999999996,1.5948,0.0,2.0,43.14
269.29999999999995,2.428000000000001,2.0,3.0,58.56
224.29999999999995,3.191600000000002,0.0,3.0,39.44
142.19799999999998,1.8822,0.0,2.0,26.3
115.132,-0.1770000000000003,2.0,2.0,49.33
86.08999999999999,0.1644,0.0,2.0,34.14
468.3700000000003,2.1145,3.0,9.0,173.71
344.313,-5.7611999999999925,9.0,11.0,200.53
174.19599999999997,0.8927999999999999,0.0,4.0,52.60000000000001
228.332,2.371200000000001,1.0,3.0,46.53
180.156,-3.2213999999999987,5.0,6.0,110.38
397.4680000000001,-5.110099999999994,4.0,11.0,168.93999999999997
162.185,-0.5104999999999998,2.0,4.0,58.92
120.15099999999995,2.0352,1.0,1.0,20.23
236.355,3.4092000000000025,1.0,2.0,37.3
170.25199999999998,2.8436000000000003,1.0,1.0,37.3
160.213,1.1006,1.0,3.0,46.53
224.259,3.288300000000002,1.0,2.0,37.3
286.415,4.647000000000004,1.0,2.0,29.46
204.357,5.179500000000004,0.0,0.0,0.0
242.318,3.4944200000000025,1.0,2.0,29.46
591.2570000000005,9.6148,0.0,4.0,80.25999999999999
34.014,0.0173999999999999,2.0,2.0,40.46
114.14399999999998,0.9446,0.0,2.0,34.14
376.4050000000001,0.0862999999999998,3.0,7.0,113.29
220.224,1.9088,1.0,3.0,63.60000000000001
246.473,-7.491699999999994,0.0,4.0,300.76
328.361,-0.4702000000000002,5.0,7.0,119.61
348.16700000000014,-4.422899999999994,0.0,0.0,0.0
162.18799999999996,1.8728,0.0,2.0,26.3
260.2899999999999,-0.3635999999999999,3.0,5.0,118.72
344.36300000000006,2.2295000000000007,2.0,6.0,77.38000000000001
150.221,2.4879000000000007,0.0,1.0,17.07
178.23099999999997,2.736900000000001,0.0,2.0,18.46
394.3160000000002,1.1358000000000017,2.0,2.0,55.92
172.26799999999997,2.621800000000001,0.0,2.0,26.3
921.0840000000004,-1.779199999999987,12.0,19.0,307.36999999999995
268.268,3.1742000000000017,1.0,4.0,59.67
178.231,2.1823,0.0,2.0,26.3
386.4160000000001,0.2118,2.0,8.0,154.86
496.6440000000004,3.802400000000003,2.0,6.0,93.06
269.38800000000003,3.662620000000003,0.0,2.0,12.47
330.33700000000005,-0.6778999999999975,3.0,7.0,145.02
152.15299999999996,1.4854199999999995,1.0,3.0,69.16
327.42500000000007,0.829200000000001,4.0,4.0,121.52
142.19799999999998,1.8822,0.0,2.0,26.3
360.8850000000001,4.039800000000002,1.0,4.0,51.22
182.263,2.828500000000001,0.0,2.0,26.3
126.19899999999996,2.3218000000000005,0.0,1.0,17.07
180.156,-3.2213999999999987,5.0,6.0,110.38
356.32700000000006,-1.671499999999999,4.0,9.0,134.91000000000005
316.26500000000004,2.2910000000000004,4.0,7.0,120.36
152.19299999999996,1.978,0.0,2.0,18.46
316.44699999999995,4.538900000000003,1.0,4.0,29.46
272.301,-0.2195000000000002,3.0,5.0,118.72
345.91400000000004,4.713800000000004,0.0,2.0,20.31
88.11,-0.3732999999999999,1.0,1.0,46.33
206.28500000000005,3.423700000000002,0.0,2.0,26.3
178.231,2.2168,0.0,2.0,26.3
166.13199999999998,1.1134999999999995,1.0,3.0,55.760000000000005
130.18699999999998,1.5956,0.0,2.0,26.3
430.37200000000007,-10.036400000000004,10.0,14.0,282.56
253.21400000000003,0.3038999999999997,3.0,5.0,121.57000000000002
162.18499999999997,-0.5105,2.0,4.0,58.92
104.178,-0.1604999999999999,2.0,1.0,38.05
182.175,1.26362,0.0,4.0,56.51
6179.372999999968,-83.66679999999921,116.0,191.0,3038.930000000003
262.855,-6.7916,0.0,8.0,172.5
170.252,2.541900000000001,0.0,2.0,26.3
128.21499999999995,2.1152,1.0,1.0,20.23
927.0909999999994,-0.2331999999999829,10.0,18.0,283.98
170.25199999999995,2.686000000000001,0.0,2.0,26.3
324.4240000000001,3.1732000000000014,1.0,4.0,45.59
284.267,2.879800000000001,2.0,5.0,79.9
198.171,-4.046099999999998,5.0,6.0,141.88
397.635,-1.6561000000000003,5.0,8.0,128.84
218.296,3.289100000000002,0.0,2.0,26.3
260.289,1.3121,1.0,4.0,63.6
164.157,-2.1905999999999994,4.0,5.0,90.15
260.676,3.269200000000001,1.0,2.0,54.370000000000005
241.29,3.7452400000000017,2.0,2.0,49.33
137.13799999999995,0.967,2.0,2.0,63.31999999999999
192.214,1.9685,1.0,3.0,46.53
152.15299999999996,1.4854199999999995,1.0,3.0,69.16
244.247,-0.9776999999999988,3.0,5.0,118.72
342.297,-5.397199999999993,8.0,11.0,189.53
196.29,2.930400000000001,0.0,2.0,26.3
476.5360000000003,-5.136799999999992,6.0,10.0,219.38
195.262,1.9004,2.0,3.0,41.49
288.475,5.090300000000006,1.0,1.0,20.23
343.51100000000014,3.5783000000000023,1.0,3.0,32.7
206.241,2.653600000000001,0.0,3.0,35.53
296.153,4.364100000000001,2.0,2.0,49.33
258.31699999999995,2.678300000000001,2.0,3.0,49.69
374.34500000000014,2.546960000000001,3.0,8.0,130.36
258.273,2.9133000000000013,1.0,4.0,47.92
213.214,0.1273,1.0,4.0,72.47
303.15600000000006,1.6836,2.0,3.0,75.27000000000001
244.264,-8.0222,0.0,0.0,63.0
234.215,1.62998,2.0,4.0,108.06
375.40000000000015,1.9804,2.0,6.0,83.8
79.10199999999999,1.0816,0.0,1.0,12.89
188.05400000000003,-3.8516,0.0,0.0,0.0
206.329,3.760100000000003,0.0,1.0,17.07
147.17399999999998,-1.9376,4.0,4.0,72.72
434.3970000000001,-0.0170000000000005,6.0,10.0,166.14
174.19899999999996,2.6079000000000008,0.0,2.0,26.3
304.3420000000001,2.1211,3.0,3.0,94.83
198.30599999999995,3.3221000000000016,0.0,2.0,26.3
180.156,-3.3787999999999987,5.0,6.0,118.22
967.0210000000012,-5.113899999999983,14.0,23.0,374.13000000000005
360.743,-4.149099999999997,7.0,10.0,169.29999999999998
249.705,3.083200000000001,2.0,5.0,89.64999999999999
242.249,-1.2965999999999989,3.0,6.0,113.29
356.32400000000007,-4.741499999999993,7.0,11.0,178.53
152.22199999999998,1.3421,2.0,1.0,38.05
294.307,-0.3110999999999985,3.0,5.0,118.72
394.9920000000001,-1.4038,0.0,9.0,157.11
306.408,4.045500000000002,2.0,5.0,49.69
183.251,1.1278,1.0,2.0,46.17
333.42800000000005,1.4777,2.0,5.0,62.16000000000001
260.2899999999999,-0.3635999999999999,3.0,5.0,118.72
264.32500000000005,0.8442200000000004,3.0,3.0,92.42
194.31799999999996,3.8822000000000023,0.0,1.0,17.07
236.355,3.409200000000002,1.0,2.0,37.3
272.29999999999995,3.1464000000000016,1.0,4.0,47.92
272.25600000000003,2.509900000000001,3.0,5.0,86.99000000000001
86.13399999999999,1.2314,0.0,1.0,17.07
350.4550000000001,1.9626,3.0,5.0,86.99000000000001
360.31200000000007,-6.221899999999992,8.0,11.0,221.03
128.171,1.6733,1.0,1.0,37.3
192.214,1.6895999999999998,0.0,3.0,38.83
146.146,-1.336199999999999,3.0,3.0,106.41
150.13,-2.582299999999999,4.0,5.0,90.15
244.20699999999997,-3.0114999999999994,4.0,8.0,143.72000000000003
128.171,1.5157,0.0,2.0,26.3
258.27399999999994,-0.5875999999999988,3.0,5.0,118.72
142.19799999999998,1.9058,0.0,2.0,26.3
325.4320000000001,1.7561,2.0,3.0,46.790000000000006
292.287,-0.062,1.0,6.0,85.36
279.134,1.3123999999999998,2.0,3.0,75.27000000000001
502.54000000000025,-0.966599999999996,2.0,6.0,163.18
182.172,-3.585399999999998,6.0,6.0,121.38
152.19299999999998,1.5008,0.0,2.0,34.14
534.6900000000004,2.1232999999999995,5.0,8.0,152.36
102.133,0.9579,0.0,2.0,26.3
211.242,0.8510000000000001,0.0,3.0,54.45
270.24,2.5768000000000004,3.0,5.0,90.9
206.241,1.8637,0.0,3.0,38.83
242.274,2.843300000000001,0.0,3.0,35.53
286.283,2.8129000000000013,2.0,5.0,75.99000000000001
399.626,-0.6789000000000007,4.0,7.0,108.61
128.171,1.5157,0.0,2.0,26.3
182.263,2.852100000000001,0.0,2.0,26.3
425.4180000000001,5.199300000000004,1.0,8.0,108.13000000000002
129.24699999999996,1.888,1.0,1.0,12.03
256.257,2.5520000000000014,2.0,4.0,66.76
115.132,-0.1770000000000003,2.0,2.0,49.33
383.376,2.8843000000000005,1.0,6.0,86.33
164.204,2.1398,0.0,2.0,26.3
292.357,-0.4105999999999994,3.0,6.0,118.72000000000004
80.08999999999999,0.4765999999999998,0.0,2.0,25.78
181.151,1.0854,2.0,3.0,98.26
466.6220000000003,4.640400000000005,2.0,6.0,63.19000000000001
244.246,2.620000000000001,1.0,4.0,55.760000000000005
118.13199999999998,-0.0697,1.0,3.0,46.53
142.198,1.9058,0.0,2.0,26.3
128.17099999999996,1.5157,0.0,2.0,26.3
291.3910000000001,2.6529000000000007,0.0,3.0,38.77
253.21399999999997,1.1909999999999996,3.0,4.0,121.57
128.21499999999995,2.1152,1.0,1.0,20.23
378.3770000000001,0.1409999999999996,2.0,8.0,114.82
168.10799999999995,1.503,0.0,4.0,86.28
282.295,3.4772000000000016,0.0,4.0,48.67
180.156,-3.2213999999999987,5.0,6.0,110.38
235.331,1.3403999999999996,2.0,3.0,58.36
276.289,-1.5352999999999986,4.0,6.0,138.95
254.241,2.8712,2.0,4.0,70.67
351.40600000000006,1.8498,4.0,3.0,108.21
180.156,-3.2213999999999987,5.0,6.0,110.38
752.9390000000004,2.205000000000002,6.0,13.0,193.83
326.301,-1.0369000000000006,5.0,7.0,136.68
209.245,1.4045999999999998,2.0,3.0,58.56
130.231,2.1951000000000005,1.0,1.0,20.23
564.5400000000005,0.1510999999999996,7.0,13.0,212.67
276.289,-1.3927999999999987,4.0,6.0,138.95
138.16599999999997,1.7038,0.0,2.0,18.46
253.21399999999997,0.9026999999999998,3.0,5.0,121.57
300.266,2.5854,3.0,6.0,100.13
180.156,-3.2213999999999987,5.0,6.0,110.38
172.268,2.910000000000002,0.0,2.0,26.3
128.171,1.5157,0.0,2.0,26.3
804.8800000000006,-2.9380999999999893,11.0,18.0,294.98
128.171,1.5157,0.0,2.0,26.3
692.7990000000003,0.8380000000000019,7.0,13.0,208.73999999999995
156.225,2.2723000000000004,0.0,2.0,26.3
89.09400000000001,-0.5817999999999999,2.0,2.0,63.31999999999999
180.156,-3.2214,5.0,6.0,110.38
128.171,1.6513,1.0,1.0,37.3
316.31,-1.0679999999999974,3.0,7.0,145.02
247.428,-6.3728,0.0,0.0,0.0
304.29799999999994,2.3331000000000017,4.0,6.0,107.22
240.258,2.846400000000001,1.0,3.0,46.53
316.44699999999995,4.538900000000003,1.0,4.0,29.46
247.38199999999995,3.010200000000002,0.0,2.0,20.31
612.5810000000007,-1.342,9.0,15.0,245.29
130.23100000000002,2.3392000000000013,1.0,1.0,20.23
285.29900000000004,2.9072000000000013,2.0,5.0,71.28000000000002
200.193,2.3505000000000003,1.0,2.0,54.37
184.279,3.052500000000001,0.0,2.0,26.3
362.4660000000001,3.6254000000000026,2.0,5.0,91.67
272.256,2.33,2.0,4.0,83.83
648.9190000000001,6.301300000000007,0.0,10.0,100.14000000000004
290.271,1.5460999999999996,5.0,6.0,110.38
217.633,0.7720999999999998,1.0,3.0,63.24
178.184,-2.1496999999999984,4.0,5.0,90.15
301.8210000000001,3.1167000000000016,1.0,3.0,27.63
887.0700000000007,0.4826000000000067,9.0,17.0,263.74999999999994
144.21399999999997,1.9857,0.0,2.0,26.3
258.31699999999995,2.678300000000001,2.0,3.0,49.69
126.18,1.86902,0.0,2.0,17.07
278.312,0.1929999999999996,0.0,7.0,78.89000000000001
58.08,0.5952999999999999,0.0,1.0,17.07
332.44000000000005,3.5962000000000023,0.0,4.0,44.760000000000005
374.38900000000007,1.7438999999999996,1.0,7.0,98.5
158.24099999999996,2.518300000000001,0.0,2.0,26.3
182.14070968,-3.2213999999999987,5.0,6.0,110.38
128.21499999999995,2.5458000000000007,0.0,1.0,17.07
217.048,-0.7268000000000001,3.0,4.0,69.92
120.368,-1.7187999999999997,0.0,4.0,80.25999999999999
272.253,-1.4291000000000005,5.0,7.0,119.61
192.302,3.5141000000000027,0.0,1.0,17.07
370.31,-1.3141000000000005,5.0,10.0,159.05
136.238,3.4750000000000023,0.0,0.0,0.0
212.62900000000005,-1.3207999999999998,3.0,5.0,79.15
378.4690000000001,1.756,3.0,5.0,104.73
362.4660000000001,4.252200000000004,3.0,5.0,94.83
170.164,0.7688,0.0,4.0,52.6
192.214,2.003,1.0,3.0,46.53
152.14600000000002,-2.9462999999999995,5.0,5.0,101.15
226.31599999999997,2.725100000000001,0.0,3.0,43.370000000000005
172.22699999999998,3.238500000000002,0.0,1.0,9.23
278.35099999999994,4.339200000000004,1.0,2.0,29.46
457.4610000000002,-1.0296999999999956,4.0,9.0,191.19
447.83400000000006,3.8995000000000033,1.0,4.0,35.940000000000005
507.9330000000002,6.415820000000007,0.0,3.0,15.71
162.232,2.3725200000000006,0.0,1.0,17.07
816.7680000000004,5.125600000000013,11.0,15.0,259.44999999999993
274.272,2.3245000000000013,4.0,5.0,97.99
75.067,-0.9703,2.0,2.0,63.32000000000001
90.078,-1.4599000000000002,2.0,3.0,57.53
586.5460000000004,1.0568999999999995,6.0,13.0,201.67
172.26799999999997,2.910000000000001,0.0,2.0,26.3
104.105,-0.8057999999999998,1.0,3.0,46.53
332.44000000000005,3.721200000000003,1.0,4.0,59.67000000000001
39.948,0.0,0.0,0.0,0.0
280.309,0.8681999999999999,2.0,6.0,107.2
370.402,-0.1858999999999974,3.0,7.0,145.02
170.25199999999998,2.686000000000001,0.0,2.0,26.3
164.20399999999998,1.8267,0.0,2.0,26.3
274.34099999999995,3.6266000000000016,1.0,4.0,38.69
272.776,2.093,2.0,4.0,64.35
224.735,2.5426800000000007,1.0,2.0,35.82
330.424,4.286900000000005,2.0,4.0,66.76
242.274,2.791700000000002,1.0,3.0,46.53
340.375,4.018600000000002,3.0,5.0,86.99000000000001
292.25,3.253000000000002,1.0,2.0,23.47
247.25,0.7242999999999999,2.0,3.0,75.27000000000001
114.188,1.7251,1.0,1.0,20.23
64.065,-0.6701999999999999,0.0,2.0,34.14
182.14070968,-3.2213999999999987,5.0,6.0,110.38
290.409,4.339900000000003,1.0,4.0,29.46
144.17,0.7284999999999999,0.0,3.0,35.53
184.279,2.9320000000000013,0.0,2.0,26.3
470.5180000000003,2.8954000000000013,1.0,8.0,115.57
198.203,-0.2990999999999998,2.0,4.0,89.25999999999999
182.18,-0.5042,0.0,3.0,69.56
420.9450000000002,1.3673999999999995,1.0,8.0,77.09
328.53700000000003,5.783400000000007,1.0,3.0,46.53
285.3430000000001,2.997200000000001,0.0,3.0,38.77
156.11599999999996,1.3161,1.0,3.0,69.16
256.239,0.7592,0.0,5.0,97.59
170.252,2.686000000000001,0.0,2.0,26.3
480.4660000000003,-0.4292999999999976,3.0,11.0,165.89
204.229,1.1223,3.0,2.0,79.10999999999999
274.31699999999995,0.026500000000001,3.0,5.0,118.72
364.87300000000016,2.5572,4.0,4.0,95.58
251.198,1.3145999999999998,3.0,4.0,121.57
178.184,-1.5381000000000002,3.0,5.0,79.15
182.172,-3.585399999999998,6.0,6.0,121.38
222.0,0.0,0.0,0.0,0.0
140.207,2.25912,0.0,2.0,17.07
186.258,2.8907200000000017,0.0,2.0,25.78
186.295,3.3001000000000023,0.0,2.0,26.3
284.267,2.879800000000001,2.0,5.0,79.9
274.273,-1.781299999999998,4.0,6.0,138.95
290.31600000000003,-0.7386999999999972,3.0,6.0,127.95000000000002
367.198,0.3243000000000004,2.0,2.0,64.35
284.746,3.1538000000000013,0.0,2.0,32.67
366.454,0.9080999999999996,3.0,6.0,104.06
242.318,3.576100000000002,1.0,2.0,29.46
153.25,1.9871,0.0,2.0,12.89
596.5380000000004,-1.4596000000000005,9.0,15.0,245.28999999999996
144.21399999999997,2.1298000000000004,0.0,2.0,26.3
329.31200000000007,2.932300000000001,3.0,4.0,121.57
309.08400000000006,0.7232999999999998,1.0,3.0,63.24
164.15699999999998,-2.193799999999999,4.0,5.0,90.15
318.3260000000001,-0.8219999999999976,3.0,7.0,145.02
71.12299999999999,0.3697999999999999,1.0,1.0,12.03
88.14999999999999,1.1689,1.0,1.0,20.23
945.15,-0.2491999999999909,12.0,18.0,298.14
206.285,3.310100000000002,0.0,2.0,26.3
270.28399999999993,2.8550000000000013,1.0,4.0,55.76
342.297,-5.397199999999994,8.0,11.0,189.53
270.284,3.0105000000000013,1.0,4.0,47.92
885.4529999999991,18.097099999999976,0.0,6.0,78.9
267.24100000000004,1.2793999999999996,2.0,5.0,110.57
380.5080000000001,2.944000000000001,1.0,3.0,39.97
363.52400000000017,0.976900000000002,4.0,7.0,105.84
172.26799999999997,2.621800000000001,0.0,2.0,26.3
671.9880000000002,-1.0675000000000008,5.0,8.0,128.84
337.4200000000001,0.583200000000001,4.0,4.0,121.52
254.707,-9.2134,5.0,6.0,110.38
474.4180000000001,0.6206999999999991,5.0,11.0,176.11999999999998
176.215,2.0727,0.0,2.0,18.46
108.14399999999998,1.039,0.0,2.0,25.78
278.392,4.263000000000004,1.0,3.0,46.53
152.19299999999996,1.9632,1.0,2.0,29.46
457.4320000000001,-3.1080199999999985,7.0,12.0,202.32
392.4670000000002,1.8957,3.0,5.0,94.83
142.18300000000002,0.7793199999999998,2.0,4.0,46.010000000000005
240.346,-0.4783999999999999,3.0,6.0,69.92
250.382,3.900400000000003,0.0,2.0,18.46
276.288,0.2829,2.0,5.0,83.83000000000001
262.305,1.2463,1.0,4.0,63.6
238.242,3.1656000000000013,1.0,3.0,50.440000000000005
320.3240000000001,0.6633000000000002,2.0,6.0,87.46
272.29999999999995,3.087400000000001,1.0,4.0,47.92
178.231,2.3858000000000006,0.0,2.0,26.3
180.156,-3.2213999999999987,5.0,6.0,110.38
822.9420000000009,2.2456000000000023,8.0,13.0,267.04
172.26799999999997,2.910000000000001,0.0,2.0,26.3
142.198,1.9058,0.0,2.0,26.3
98.14499999999998,1.5416,0.0,1.0,17.07
172.22400000000002,1.2667,1.0,3.0,46.53
1034.200000000001,-2.697299999999985,13.0,22.0,337.86
246.26299999999992,-0.7536999999999994,3.0,5.0,118.72
344.313,-5.7611999999999925,9.0,11.0,200.53
362.4660000000001,3.6254000000000026,2.0,5.0,91.67
393.46400000000017,5.627200000000004,1.0,5.0,56.790000000000006
174.1586016,-3.2213999999999987,5.0,6.0,110.38
274.317,0.0249000000000012,3.0,5.0,118.72
496.5530000000003,-0.3592999999999999,5.0,10.0,162.98
361.3970000000001,4.112400000000003,0.0,5.0,65.49000000000001
166.17599999999996,1.4818,0.0,3.0,35.53
240.306,2.962400000000001,2.0,1.0,55.120000000000005
319.88000000000005,4.810600000000004,1.0,3.0,28.16
222.243,3.4600000000000017,0.0,2.0,30.21
150.22099999999998,2.4879000000000007,0.0,1.0,17.07
114.16799999999998,-0.7074,1.0,1.0,23.200000000000003
256.301,3.467100000000002,1.0,3.0,38.69
360.36200000000014,0.8497999999999999,1.0,7.0,99.13
20.18,0.0,0.0,0.0,0.0
126.11099999999998,1.0661999999999998,0.0,3.0,39.44
252.722,3.1728000000000023,0.0,2.0,34.14
254.221,-3.2888999999999964,1.0,3.0,81.59
272.256,2.405100000000001,4.0,5.0,97.99
254.261,0.2863999999999994,3.0,3.0,92.42000000000002
354.432,0.9933999999999998,3.0,5.0,122.87999999999998
283.799,2.634900000000001,0.0,3.0,29.54
265.564,2.2411000000000008,2.0,3.0,49.69
268.268,3.1742000000000017,1.0,4.0,59.67
108.13999999999996,1.1788999999999998,1.0,1.0,20.23
192.258,2.572400000000001,0.0,2.0,26.3
146.18599999999998,0.7104999999999999,1.0,3.0,46.53
194.27400000000003,2.0166,1.0,2.0,29.46
132.159,0.3204000000000001,1.0,3.0,46.53
226.188,2.2918000000000003,0.0,5.0,95.51
300.31,3.2030000000000016,2.0,5.0,75.99000000000001
824.9579999999995,2.0390000000000037,9.0,13.0,270.2
196.205,2.946200000000001,0.0,2.0,30.21
134.2,0.9125,0.0,3.0,26.3
342.297,-5.395599999999993,8.0,11.0,189.53
180.156,-3.2213999999999987,5.0,6.0,110.38
150.221,2.4879000000000007,0.0,1.0,17.07
165.403,0.6672999999999998,2.0,2.0,40.46
172.26799999999997,2.765900000000001,0.0,2.0,26.3
197.19,0.0521999999999996,4.0,4.0,103.78
282.339,3.876400000000003,0.0,3.0,35.53
325.288,-2.8683999999999985,0.0,4.0,80.25999999999999
215.724,2.7875000000000014,1.0,2.0,21.26
379.41600000000005,2.6708800000000004,2.0,5.0,108.29
259.261,3.006800000000001,0.0,5.0,53.72000000000001
270.24,2.5768000000000013,3.0,5.0,90.9
142.19799999999998,1.7617,0.0,2.0,26.3
341.27500000000003,3.3367000000000013,1.0,6.0,108.13000000000002
240.38699999999992,4.3483000000000045,0.0,2.0,26.3
210.317,3.6307000000000023,0.0,2.0,26.3
234.255,0.8810999999999998,2.0,3.0,75.27000000000001
310.174,-6.7916,0.0,8.0,172.5
436.4130000000002,-0.2024000000000002,7.0,10.0,177.14
134.244,1.4672999999999998,2.0,2.0,20.23
158.24099999999996,2.5199000000000007,0.0,2.0,26.3
692.7990000000005,0.8380000000000007,7.0,13.0,208.74
254.198,1.1579000000000002,2.0,5.0,118.77
271.788,2.9955000000000016,0.0,3.0,29.54
204.269,3.0431000000000017,0.0,2.0,26.3
270.369,3.377500000000002,0.0,4.0,52.6
256.25699999999995,3.170600000000001,1.0,4.0,47.92
258.31699999999995,2.678300000000001,2.0,3.0,49.69
397.04700000000014,2.304100000000001,1.0,1.0,29.1
270.284,2.7128000000000005,0.0,4.0,52.60000000000001
446.5910000000001,4.348840000000004,1.0,3.0,69.22999999999999
183.21,2.3126,0.0,2.0,29.96
156.22499999999997,2.2959000000000005,0.0,2.0,26.3
824.9579999999997,2.039000000000003,9.0,13.0,270.2
178.23100000000002,2.1823,0.0,2.0,26.3
180.156,-3.2213999999999987,5.0,6.0,110.38
334.4190000000002,2.0925,0.0,3.0,32.78
182.263,2.828500000000001,0.0,2.0,26.3
182.172,-3.585399999999998,6.0,6.0,121.38
303.833,3.486400000000001,2.0,2.0,32.26
260.24499999999995,2.8648200000000017,0.0,5.0,61.81
390.3410000000002,-0.3673999999999995,0.0,11.0,140.73000000000002
110.15599999999998,1.7077,0.0,1.0,17.07
176.281,2.0381000000000005,1.0,3.0,26.3
150.13,-2.5823,4.0,5.0,90.15
260.29,-0.5060999999999984,3.0,5.0,118.72
142.19799999999998,1.9058,0.0,2.0,26.3
219.2,0.7643799999999996,3.0,3.0,102.22
255.361,3.3542000000000023,0.0,2.0,12.47
304.29900000000004,-1.210499999999998,3.0,7.0,145.02
242.31899999999996,0.8749999999999991,3.0,3.0,92.42
274.3159999999999,2.900200000000002,2.0,4.0,58.92
244.29,2.2692000000000005,2.0,3.0,49.69
180.156,-3.2213999999999987,5.0,6.0,110.38
362.4660000000001,3.6254000000000026,2.0,5.0,91.67
167.208,1.7393999999999998,1.0,3.0,41.82
309.45300000000003,4.292000000000004,0.0,2.0,20.31
190.242,2.6530000000000014,0.0,2.0,26.3
416.382,0.3442999999999996,5.0,9.0,149.82
260.314,3.544600000000002,1.0,3.0,46.53
226.275,2.972500000000001,0.0,2.0,26.3
340.4670000000001,3.7873000000000023,1.0,4.0,45.59
334.41900000000004,2.0925,0.0,3.0,32.78
246.26299999999995,-0.7552999999999985,3.0,5.0,118.72
378.46900000000016,1.7559999999999991,3.0,5.0,104.73
281.399,3.753700000000003,1.0,2.0,23.47
274.272,2.678,2.0,4.0,75.99
258.362,1.5094999999999992,3.0,3.0,92.42
416.081,-0.4096000000000004,4.0,7.0,108.61
232.36699999999996,4.460400000000004,0.0,1.0,17.07
782.9570000000001,4.044200000000004,4.0,10.0,228.78
528.6020000000003,2.8882000000000003,4.0,6.0,155.68
580.5390000000004,-1.1651999999999991,8.0,14.0,225.05999999999997
282.221,3.542200000000001,2.0,3.0,62.22
180.156,-3.2213999999999987,5.0,6.0,110.38
122.12699999999998,0.6792,0.0,3.0,42.85
246.26299999999995,-0.7536999999999991,3.0,5.0,118.72
89.07,-1.8829,1.0,3.0,60.36
140.18199999999996,1.6818,0.0,2.0,26.3
143.23,1.6881,1.0,1.0,43.09
60.056,-0.9762,2.0,1.0,69.11
152.14899999999997,1.2133,1.0,3.0,46.53
130.187,2.0414,1.0,1.0,37.3
431.55800000000033,2.6606000000000014,1.0,6.0,84.67
407.4470000000001,5.177600000000004,0.0,6.0,78.67
288.30000000000007,-1.3911999999999982,4.0,6.0,138.95
102.162,-0.5359000000000003,2.0,1.0,24.06
194.234,1.966,2.0,2.0,64.35
312.41299999999995,2.5349000000000004,0.0,2.0,40.620000000000005
321.80400000000003,1.6199,2.0,4.0,52.93000000000001
254.241,2.871200000000001,2.0,4.0,70.67
322.225,1.132,6.0,8.0,164.75
313.398,0.4391000000000023,4.0,4.0,121.52
345.4240000000001,2.8997400000000013,1.0,5.0,77.10000000000001
144.21399999999997,1.9841,0.0,2.0,26.3
272.29999999999995,2.8842000000000008,2.0,3.0,66.76
229.279,3.012900000000001,2.0,3.0,41.49
286.32800000000003,-0.1175999999999986,3.0,5.0,118.72
604.8220000000003,4.115000000000004,3.0,10.0,133.14
246.306,2.3719,0.0,3.0,38.83
951.0220000000012,-4.086299999999983,13.0,22.0,353.90000000000003
243.262,2.6531,2.0,3.0,58.56
170.25199999999992,2.6624000000000008,0.0,2.0,26.3
146.055,3.1694,0.0,0.0,0.0
532.5420000000004,0.7398999999999991,5.0,11.0,172.21
297.355,-0.1969999999999973,4.0,4.0,121.52
258.31699999999995,2.719400000000001,2.0,3.0,49.69
274.317,-0.1175999999999986,3.0,5.0,118.72
262.201,-5.279499999999999,1.0,7.0,112.81
180.156,-3.2213999999999987,5.0,6.0,110.38
378.4210000000001,0.9543,3.0,7.0,113.29000000000002
464.8210000000001,4.373400000000005,2.0,4.0,111.39
196.15899999999996,-2.699699999999998,1.0,4.0,77.42999999999999
596.7140000000003,1.413399999999999,6.0,11.0,171.44
302.32700000000006,-1.001099999999998,4.0,6.0,138.95
201.178,0.2578000000000001,1.0,3.0,63.24
292.357,-0.4121999999999981,3.0,6.0,118.72000000000004
246.74100000000004,2.8058000000000014,1.0,2.0,24.39
116.15999999999998,1.5072,1.0,1.0,37.3
144.105,-2.945899999999998,0.0,2.0,40.13
144.21399999999997,2.1298000000000004,0.0,2.0,26.3
344.313,-5.7611999999999925,9.0,11.0,200.53
176.215,2.2629,0.0,2.0,26.3
246.263,-0.7520999999999984,3.0,5.0,118.72
276.207,3.7211000000000025,1.0,2.0,29.1
344.313,-5.7611999999999925,9.0,11.0,200.53
464.60600000000034,4.326000000000003,1.0,6.0,60.03
76.164,1.3693,0.0,1.0,0.0
388.36900000000014,-1.942599999999998,4.0,10.0,151.98000000000002
654.988,-5.997000000000001,0.0,0.0,0.0
342.297,-5.397199999999994,8.0,11.0,189.53
270.28399999999993,3.1073000000000013,1.0,4.0,55.760000000000005
152.237,2.2813000000000003,1.0,1.0,20.23
158.19699999999995,1.3088,0.0,3.0,43.370000000000005
270.24,2.5768000000000013,3.0,5.0,90.9
343.51100000000014,3.5783000000000027,1.0,3.0,32.7
262.30499999999995,1.2462999999999995,1.0,4.0,63.6
398.40000000000015,1.8001999999999998,3.0,7.0,137.82
106.19,0.7318,1.0,2.0,20.23
126.155,1.2917,0.0,2.0,26.3
272.369,4.180400000000003,1.0,3.0,29.46
238.37099999999995,4.268400000000004,0.0,2.0,26.3
220.26800000000003,2.9053000000000018,1.0,3.0,46.53
179.24099999999996,0.7114999999999998,2.0,2.0,66.39999999999999
342.297,-5.397199999999994,8.0,11.0,189.53
154.12499999999997,0.8825999999999998,2.0,4.0,89.39
182.14070968,-3.2213999999999987,5.0,6.0,110.38
358.43400000000014,1.7658,2.0,5.0,91.67
94.117,1.20386,0.0,2.0,47.58
342.297,-5.397199999999994,8.0,11.0,189.53
200.322,3.5461000000000027,0.0,2.0,26.3
186.295,3.3001000000000023,0.0,2.0,26.3
596.5380000000005,-1.4595999999999991,9.0,15.0,245.28999999999996
216.324,4.239300000000004,0.0,1.0,17.07
404.4590000000003,1.6088,1.0,7.0,106.97000000000004
158.241,2.375800000000001,0.0,2.0,26.3
116.15999999999998,1.3496,0.0,2.0,26.3
246.35,4.211800000000003,0.0,2.0,26.3
104.174,1.286,0.0,2.0,17.07
146.142,0.1125999999999998,0.0,4.0,52.60000000000001
253.274,0.9956999999999996,1.0,5.0,86.66
142.19799999999998,1.7617,0.0,2.0,26.3
222.23999999999995,2.04,0.0,4.0,52.60000000000001
342.297,-5.397199999999994,8.0,11.0,189.53
558.7120000000002,3.4993000000000016,3.0,8.0,138.20000000000002
191.74599999999992,2.844000000000001,1.0,1.0,12.03
272.29999999999995,3.0511000000000017,1.0,4.0,47.92
694.8440000000005,2.3843000000000005,4.0,10.0,205.64
272.256,2.6488000000000005,1.0,5.0,64.99
137.182,1.83414,1.0,1.0,32.86
154.253,2.1935000000000007,1.0,1.0,20.23
116.15999999999998,1.3496,0.0,2.0,26.3
180.156,-3.2213999999999987,5.0,6.0,110.38
280.452,5.581200000000006,0.0,2.0,26.3
284.26700000000005,2.8798000000000017,2.0,5.0,79.9
286.23900000000003,2.2824,4.0,6.0,111.13
310.302,-0.8672,2.0,7.0,105.59000000000002
362.3310000000001,-3.5902999999999965,6.0,10.0,161.6
226.35999999999996,4.102300000000004,0.0,2.0,26.3
169.268,1.2432,1.0,2.0,23.47
162.232,2.5166200000000005,0.0,1.0,17.07
342.297,-5.397199999999994,8.0,11.0,189.53
162.188,1.9073,0.0,2.0,26.3
640.6350000000002,-0.5617999999999992,9.0,15.0,245.28999999999996
306.27,1.2516999999999994,6.0,7.0,130.61
364.4380000000001,0.8281999999999998,3.0,6.0,104.06000000000002
256.301,3.214800000000001,1.0,3.0,38.69
130.18699999999995,1.5956,0.0,2.0,26.3
352.57900000000006,4.690300000000004,0.0,4.0,44.760000000000005
228.37599999999992,4.470400000000004,0.0,2.0,26.3
250.386,1.3158999999999994,1.0,3.0,26.71
236.27099999999996,1.2492,2.0,3.0,75.27000000000001
210.317,3.1544000000000016,0.0,2.0,26.3
172.22399999999993,1.5087000000000002,0.0,3.0,35.53
272.29999999999995,2.8117,2.0,3.0,66.76
206.32899999999992,3.904200000000003,0.0,1.0,17.07
186.29499999999996,3.3001000000000023,0.0,2.0,26.3
268.224,3.103600000000001,2.0,5.0,83.81
180.156,-3.2213999999999987,5.0,6.0,110.38
228.37599999999995,4.470400000000004,0.0,2.0,26.3
132.11899999999997,-1.7262999999999993,3.0,3.0,106.41
622.84,4.194700000000002,6.0,8.0,156.91
232.27999999999997,-0.2802999999999991,3.0,4.0,101.65
331.02599999999995,3.118000000000001,1.0,2.0,40.54
165.236,2.749000000000001,1.0,2.0,32.59
442.37600000000015,2.5276000000000005,7.0,10.0,177.14
186.236,1.56069,0.0,5.0,36.16
258.31699999999995,3.194600000000002,1.0,3.0,38.69
188.223,1.2813,0.0,4.0,52.6
144.21399999999997,1.9857,0.0,2.0,26.3
162.14399999999998,2.131,1.0,2.0,50.44
117.426,0.19024,0.0,2.0,47.58
360.31200000000007,-6.755999999999991,10.0,12.0,236.44
1049.211000000001,-1.8817999999999824,12.0,22.0,335.06
429.89,3.090200000000001,2.0,2.0,80.39
234.33899999999988,3.913700000000003,1.0,2.0,29.46
194.274,2.850500000000001,0.0,2.0,26.3
374.38900000000007,1.7438999999999996,1.0,7.0,98.5
126.15499999999996,0.8005,0.0,2.0,34.14
198.30599999999995,3.4662000000000024,0.0,2.0,26.3
131.175,0.4443999999999999,2.0,2.0,63.32000000000001
130.18699999999998,1.5956,0.0,2.0,26.3
162.188,1.8728,0.0,2.0,26.3
114.188,2.1557000000000004,0.0,1.0,17.07
357.4950000000001,1.5062000000000015,4.0,4.0,121.52
264.32500000000005,0.9259000000000004,3.0,3.0,92.42
246.263,-0.8961999999999983,3.0,5.0,118.72
360.4500000000002,1.5576,3.0,5.0,94.83
136.154,0.81522,0.0,3.0,35.010000000000005
281.23299999999995,4.147200000000001,2.0,2.0,49.33
212.23,0.6163,1.0,4.0,86.19
450.3960000000001,0.0380999999999995,7.0,11.0,186.37
308.374,2.1431,1.0,5.0,72.83000000000001
384.4290000000001,0.2042000000000022,3.0,7.0,145.02
865.7730000000004,3.81190000000001,14.0,18.0,333.97
99.158,1.2752,0.0,2.0,12.36
228.185,0.0268999999999999,1.0,5.0,106.38
224.34399999999997,3.878300000000003,0.0,2.0,26.3
136.19399999999996,1.6099,1.0,1.0,20.23
131.17499999999998,0.5901000000000001,2.0,2.0,63.31999999999999
165.23600000000002,2.749000000000001,1.0,2.0,32.59
288.34400000000005,0.272500000000001,3.0,5.0,118.72
158.241,2.3281,0.0,2.0,18.46
248.235,-2.1729999999999983,4.0,6.0,138.95
144.214,2.1298000000000004,0.0,2.0,26.3
272.29999999999995,2.9147000000000016,1.0,4.0,47.92
180.156,-3.3787999999999987,5.0,6.0,118.22
304.29900000000004,-1.3545999999999967,3.0,7.0,145.02
610.5650000000004,-1.1565999999999992,8.0,15.0,234.28999999999996
126.15499999999996,0.8005,0.0,2.0,34.14
278.35200000000003,1.1719,3.0,3.0,92.42
172.57099999999997,1.8304,1.0,3.0,69.16
344.36400000000015,-0.4318999999999982,3.0,7.0,145.02
158.117,-2.1798,4.0,3.0,113.32
303.358,1.8676999999999997,0.0,5.0,55.84
124.18299999999996,2.0978,0.0,1.0,17.07
422.3930000000002,4.822100000000003,1.0,7.0,109.16
182.172,-3.585399999999998,6.0,6.0,121.38
461.5800000000003,0.5503200000000015,2.0,9.0,153.14
176.23999999999998,3.103900000000001,0.0,2.0,17.07
136.14999999999998,1.8818,0.0,2.0,30.21
164.20399999999998,2.1735,0.0,2.0,26.3
122.16699999999996,2.00904,1.0,1.0,20.23
217.331,-2.6270999999999978,1.0,3.0,69.23
361.3730000000001,1.544,1.0,6.0,75.01
288.255,2.1107000000000005,5.0,6.0,118.22
142.154,1.1538,1.0,3.0,46.53
150.22099999999995,2.6477000000000004,0.0,1.0,9.23
276.289,-1.3911999999999982,4.0,6.0,138.95
304.29900000000004,-1.3545999999999974,3.0,7.0,145.02
182.172,-3.585399999999998,6.0,6.0,121.38
166.176,1.6034,1.0,3.0,46.53
168.236,2.763700000000001,1.0,1.0,37.3
272.3,3.301800000000002,1.0,4.0,47.92
264.369,0.8424999999999996,1.0,3.0,43.78
136.14999999999998,1.8818,0.0,2.0,30.21
116.15999999999998,1.2055,0.0,2.0,26.3
242.23,2.615400000000001,0.0,4.0,52.6
342.297,-5.397199999999994,8.0,11.0,189.53
178.275,2.780200000000001,1.0,1.0,20.23
170.25199999999998,2.686000000000001,0.0,2.0,26.3
180.156,-3.2213999999999987,5.0,6.0,110.38
188.27,3.315000000000002,0.0,1.0,17.07
286.327,2.9726000000000017,1.0,4.0,55.760000000000005
270.372,4.309400000000004,1.0,2.0,29.46
146.18599999999998,0.7104999999999999,1.0,3.0,46.53
152.237,2.401700000000001,0.0,1.0,17.07
532.9790000000002,-0.2106000000000001,4.0,7.0,108.61
128.12699999999995,0.7636999999999998,1.0,3.0,46.53
124.13899999999995,1.4008,1.0,2.0,29.46
204.313,3.642600000000003,1.0,1.0,20.23
142.19799999999998,1.7617,0.0,2.0,26.3
506.8600000000002,-4.295499999999995,1.0,5.0,119.19000000000004
365.8420000000001,2.7141200000000003,2.0,4.0,92.5
290.27200000000005,-1.6005999999999971,3.0,7.0,145.02
128.17099999999996,1.5157,0.0,2.0,26.3
302.282,2.5185000000000013,3.0,6.0,96.22
158.241,2.375800000000001,0.0,2.0,26.3
236.3,0.8120999999999998,3.0,3.0,79.51
180.156,-3.2213999999999987,5.0,6.0,110.38
158.285,2.831200000000002,1.0,1.0,20.23
300.3550000000001,0.2725000000000011,3.0,5.0,118.72
244.29,2.8916000000000017,2.0,3.0,49.69
184.113,-6.3728,0.0,0.0,0.0
158.241,2.5199000000000007,0.0,2.0,26.3
258.274,-0.7520999999999984,3.0,5.0,118.72
126.155,0.8005,0.0,2.0,34.14
190.308,2.4713000000000003,0.0,3.0,26.3
274.34099999999995,3.725200000000002,1.0,4.0,38.69
342.297,-5.397199999999994,8.0,11.0,189.53
204.18199999999996,-1.922399999999999,3.0,5.0,118.72
114.144,1.102,0.0,2.0,26.3
196.206,1.9658,1.0,4.0,78.38999999999999
174.284,1.9461,2.0,2.0,40.46
110.116,-0.0311,1.0,3.0,46.010000000000005
109.12799999999996,0.5738999999999999,1.0,2.0,33.120000000000005
275.25700000000006,-2.75482,5.0,8.0,143.4
170.25199999999998,2.6624000000000008,0.0,2.0,26.3
286.32800000000003,0.026500000000001,3.0,5.0,118.72
160.17199999999997,2.6354000000000006,0.0,2.0,30.21
267.241,1.5810999999999995,3.0,4.0,121.57
114.188,2.1557000000000004,0.0,1.0,17.07
260.377,2.817700000000001,2.0,2.0,40.46
288.344,0.4165999999999994,3.0,5.0,118.72
1058.2420000000009,-1.139199999999987,11.0,21.0,336.50000000000006
122.16699999999996,2.00904,1.0,1.0,20.23
180.156,-3.2213999999999987,5.0,6.0,110.38
290.138,1.226,0.0,3.0,54.45
130.14299999999997,0.5286000000000001,0.0,3.0,43.370000000000005
333.341,-1.3157999999999963,4.0,8.0,157.04999999999998
238.242,3.1656000000000004,1.0,3.0,50.44
318.237,1.693599999999999,6.0,8.0,151.59
284.31100000000004,2.2123000000000004,2.0,4.0,58.92
246.263,-0.7536999999999983,3.0,5.0,118.72
186.295,3.2985000000000024,0.0,2.0,26.3
314.33700000000005,3.1666000000000016,0.0,5.0,53.99000000000001
259.306,-0.5870999999999968,4.0,4.0,121.52
336.29900000000004,2.9014000000000006,2.0,6.0,100.88
132.16199999999998,1.8987,0.0,1.0,17.07
316.35400000000016,-0.4700999999999997,4.0,6.0,138.95
122.12299999999996,1.3848,1.0,1.0,37.3
158.241,2.2317,0.0,2.0,26.3
234.259,1.2963399999999998,0.0,6.0,62.06
299.36999999999995,3.6375000000000015,1.0,4.0,59.42
18.015,-0.8247,0.0,0.0,31.5
86.134,0.9449,1.0,1.0,20.23
214.312,3.6709200000000015,0.0,2.0,25.78
518.6910000000004,2.720300000000001,5.0,7.0,135.29000000000002
114.16799999999998,-0.7074,1.0,1.0,23.200000000000003
468.58700000000033,1.2335999999999994,5.0,8.0,136.68
150.177,1.4021,0.0,2.0,26.3
134.17799999999997,1.6921000000000002,1.0,1.0,20.23
282.245,-4.118999999999997,6.0,9.0,149.07
461.8170000000001,3.991800000000003,1.0,4.0,53.010000000000005
622.8400000000005,4.194700000000005,6.0,8.0,156.91
122.12299999999996,1.2046999999999997,1.0,2.0,37.3
226.40399999999997,5.276500000000005,0.0,1.0,17.07
218.256,0.5378999999999994,2.0,2.0,58.2
136.194,1.6115000000000002,1.0,1.0,20.23
191.208,0.0615999999999999,1.0,4.0,72.47
198.174,0.9800999999999996,3.0,5.0,86.99000000000001
290.272,-1.6005999999999982,3.0,7.0,145.02
284.267,2.879800000000001,2.0,5.0,79.9
285.299,2.1336,3.0,4.0,78.79
524.7860000000004,8.226600000000008,0.0,4.0,52.6
264.02199999999993,1.7816,1.0,3.0,69.16
316.485,4.515300000000005,1.0,2.0,37.3
476.5010000000002,-4.966779999999996,1.0,13.0,158.92
148.20499999999998,2.728300000000001,0.0,1.0,9.23
208.217,0.491,2.0,3.0,75.27000000000001
164.15999999999997,0.8828,1.0,2.0,54.370000000000005
262.262,-1.7828999999999984,4.0,6.0,138.95
114.144,1.3066,0.0,2.0,18.46
498.6600000000004,4.744900000000004,2.0,6.0,100.9
258.273,2.531800000000001,2.0,4.0,66.76
177.181,-0.3284999999999999,1.0,4.0,72.47
138.126,1.177,1.0,3.0,69.16
570.9340000000001,3.7359000000000018,2.0,2.0,63.32000000000001
196.246,2.4114000000000004,0.0,3.0,39.44
74.079,0.481,1.0,1.0,37.3
180.156,-3.2213999999999987,5.0,6.0,110.38
126.199,2.2998000000000003,0.0,1.0,17.07
258.27399999999994,-0.7536999999999987,3.0,5.0,118.72
910.0370000000016,0.7627000000000024,14.0,11.0,380.24000000000007
154.209,1.8822,0.0,2.0,26.3
154.16499999999996,1.4093999999999995,1.0,3.0,38.69
738.9120000000006,1.5509000000000015,7.0,13.0,204.83
126.11099999999996,0.6538199999999998,1.0,3.0,50.44
286.327,3.093600000000001,1.0,4.0,47.92
184.279,3.076100000000002,0.0,2.0,26.3
353.399,2.7546200000000023,3.0,2.0,81.0
119.12,-1.2208999999999997,3.0,3.0,83.55
198.218,0.4272000000000001,2.0,4.0,58.92
342.297,-5.397199999999994,8.0,11.0,189.53
342.297,-5.397199999999994,8.0,11.0,189.53
557.6070000000002,0.8270000000000004,2.0,14.0,180.96999999999997
186.295,3.156000000000001,0.0,2.0,26.3
146.14499999999995,1.7929999999999997,0.0,2.0,30.21
178.23100000000002,2.1807,0.0,2.0,26.3
224.259,3.3931000000000022,0.0,2.0,26.3
332.261,-2.2399,7.0,10.0,177.14
272.256,2.33,2.0,4.0,83.83
152.23699999999997,2.567800000000001,0.0,1.0,17.07
420.20200000000017,1.5060000000000011,2.0,12.0,247.16
499.6010000000001,-1.7873999999999932,5.0,10.0,141.31
342.297,-5.397199999999994,8.0,11.0,189.53
194.318,3.4500000000000024,1.0,1.0,20.23
246.135,0.8609999999999998,1.0,7.0,188.98
170.25199999999998,2.684400000000001,0.0,2.0,26.3
4.003,0.0,0.0,0.0,0.0
152.19299999999998,2.28052,0.0,2.0,30.21
150.18099999999998,1.4856200000000002,2.0,1.0,55.120000000000005
286.3280000000001,0.1706,3.0,5.0,118.72
330.3370000000001,-0.6778999999999982,3.0,7.0,145.02
504.43800000000016,-7.571399999999988,11.0,16.0,268.67999999999995
272.29999999999995,3.1727000000000025,2.0,4.0,58.92
284.39900000000006,4.934100000000004,0.0,2.0,26.3
430.58500000000026,4.118100000000004,2.0,5.0,83.83000000000001
440.4010000000001,-2.3986999999999967,4.0,11.0,169.04999999999998
127.18700000000004,2.0267,1.0,2.0,32.59
164.157,-2.5397999999999987,4.0,5.0,90.15
109.12799999999996,1.2173,1.0,1.0,32.86
196.275,1.7407999999999997,2.0,2.0,47.28
267.31,1.67444,2.0,5.0,98.22
276.241,-2.7154999999999982,4.0,8.0,125.68000000000002
60.096,0.3871,1.0,1.0,20.23
530.5430000000003,-7.162099999999993,0.0,6.0,359.62
213.214,0.1273,1.0,4.0,72.47
290.272,-1.6005999999999974,3.0,7.0,145.02
256.301,3.1195000000000013,1.0,3.0,38.69
118.201,1.3285,0.0,2.0,17.07
158.241,2.5199000000000007,0.0,2.0,26.3
196.29,3.242200000000002,0.0,2.0,26.3
217.633,0.7721,1.0,3.0,63.24
294.398,3.164600000000002,1.0,3.0,36.36
256.25699999999995,2.6244,1.0,3.0,63.60000000000001
362.4660000000001,3.6254000000000026,2.0,5.0,91.67
348.43900000000014,3.2353000000000023,2.0,5.0,91.67
88.106,0.5678,0.0,2.0,26.3
194.318,3.305900000000002,1.0,1.0,20.23
178.184,-1.5397,3.0,5.0,79.15
400.5760000000002,0.5067999999999999,4.0,4.0,132.79999999999998
192.302,3.5141000000000027,0.0,1.0,17.07
170.321,3.608900000000002,1.0,1.0,0.0
234.73,3.117600000000002,1.0,2.0,38.91
342.297,-5.395599999999993,8.0,11.0,189.53
98.17000000000002,2.05652,0.0,1.0,0.0
258.229,2.027,3.0,4.0,94.83
379.1890000000001,-2.9026,6.0,9.0,149.07
137.18200000000002,1.53612,0.0,2.0,22.0
314.857,3.2154000000000007,1.0,4.0,55.56
192.258,2.572400000000001,0.0,2.0,26.3
626.6080000000003,-0.9518999999999986,9.0,15.0,245.28999999999996
212.248,2.926200000000001,0.0,2.0,26.3
277.26900000000006,1.1457999999999997,1.0,8.0,115.42000000000002
118.245,2.496500000000001,1.0,1.0,0.0
342.29700000000014,-5.552999999999993,8.0,11.0,197.37
168.28,3.1578000000000017,0.0,1.0,9.23
197.215,0.42712,1.0,3.0,63.24
210.31699999999995,3.6323000000000025,0.0,2.0,26.3
220.312,3.3526000000000025,0.0,2.0,26.3
271.272,2.2218,2.0,4.0,67.79
168.624,-3.746299999999999,3.0,3.0,89.33999999999999
89.09399999999998,-0.5802,2.0,2.0,63.32000000000001
275.392,4.198200000000003,1.0,3.0,52.32
318.3260000000001,-0.8219999999999981,3.0,7.0,145.02
414.5860000000002,5.610200000000006,0.0,4.0,68.28
887.07,0.4826000000000137,9.0,17.0,263.74999999999994
146.14499999999998,2.2452999999999994,0.0,2.0,30.21
203.669,1.0667999999999995,3.0,3.0,52.49
178.231,2.824000000000002,1.0,2.0,29.46
442.4650000000003,0.7309000000000005,3.0,9.0,171.31999999999996
156.22799999999998,3.456640000000002,0.0,0.0,0.0
254.198,1.618,2.0,5.0,118.77
151.23399999999998,2.4458,1.0,1.0,12.03
564.6390000000004,-0.1643599999999972,8.0,10.0,267.4
102.08899999999998,0.0500999999999999,1.0,2.0,54.370000000000005
316.35299999999995,3.4077000000000024,3.0,5.0,86.99000000000001
164.248,3.022100000000002,0.0,1.0,17.07
174.243,2.924900000000001,0.0,1.0,17.07
182.164049278,-3.2213999999999987,5.0,6.0,110.38
228.29100000000005,3.186000000000002,1.0,2.0,29.46
140.094,2.2038,0.0,2.0,26.3
422.4740000000002,1.5743999999999994,2.0,7.0,127.20000000000002
116.15999999999998,1.2055,0.0,2.0,26.3
188.23,1.48442,0.0,3.0,26.93
482.4410000000002,2.3627000000000007,5.0,10.0,155.14
262.736,3.839400000000002,1.0,2.0,29.46
142.15399999999997,1.1538,1.0,3.0,46.53
234.231,-3.194399999999998,1.0,3.0,81.59
124.18299999999998,2.0978000000000003,0.0,1.0,17.07
343.28935484000004,-5.397199999999993,8.0,11.0,189.53
276.289,-1.3911999999999989,4.0,6.0,138.95
170.25199999999998,2.6624000000000008,0.0,2.0,26.3
358.37000000000006,-2.1140999999999988,4.0,11.0,168.93999999999997
266.337,1.5722999999999998,2.0,4.0,66.76
214.264,2.991600000000001,1.0,2.0,29.46
232.236,-1.1421999999999983,3.0,5.0,118.72
619.9420000000002,-0.5917000000000003,0.0,3.0,55.73
286.239,2.2824,4.0,6.0,111.13000000000002
100.117,0.5545,0.0,2.0,34.14
272.256,2.33,2.0,4.0,83.83
375.8710000000001,4.425600000000004,1.0,3.0,40.54
454.398,-5.9945,0.0,0.0,0.0
154.253,2.910200000000001,0.0,1.0,9.23
838.7680000000001,3.4284000000000017,0.0,19.0,238.09
164.20399999999998,2.1293,1.0,2.0,29.46
190.242,2.6960000000000006,0.0,2.0,26.3
204.269,2.9335000000000013,0.0,2.0,26.3
448.0910000000002,3.0764000000000022,0.0,2.0,18.46
438.4610000000002,5.535400000000004,1.0,7.0,99.93
216.324,4.239300000000004,0.0,1.0,17.07
273.37600000000003,3.9506000000000014,1.0,3.0,52.32
457.4320000000002,-3.1080199999999985,7.0,12.0,202.32
290.409,4.339900000000003,1.0,4.0,29.46
180.167,-1.0397,1.0,5.0,72.68
258.229,2.309600000000001,2.0,4.0,83.83
351.41000000000014,1.5593999999999992,1.0,5.0,68.78
556.6960000000003,4.190200000000003,3.0,8.0,138.20000000000002
252.22599999999997,0.7281999999999997,2.0,4.0,109.54
547.5840000000002,-6.604600000000001,9.0,17.0,328.19999999999993
272.256,2.6126000000000005,1.0,4.0,72.83
418.3980000000002,0.2773999999999997,5.0,9.0,145.91
200.429,-5.410599999999999,0.0,6.0,126.38
358.3900000000001,2.5327,1.0,6.0,85.97
98.145,1.111,1.0,1.0,20.23
88.06199999999998,-0.3400000000000001,1.0,2.0,54.370000000000005
89.163,0.5052,0.0,1.0,3.24
124.13899999999995,1.4008,1.0,2.0,29.46
156.269,3.3260000000000023,0.0,1.0,17.07
244.29,2.8916000000000017,2.0,3.0,49.69
804.8800000000009,-2.93809999999999,11.0,18.0,294.98
178.19099999999997,0.4240000000000001,2.0,2.0,72.19
284.31100000000004,2.2123000000000004,2.0,4.0,58.92
168.192,1.7753,0.0,3.0,39.44
376.36900000000014,-1.7235599999999989,5.0,9.0,161.56
134.178,1.6921,1.0,1.0,20.23
184.279,3.076100000000002,0.0,2.0,26.3
256.4299999999999,5.250600000000005,0.0,2.0,26.3
354.40200000000004,4.216800000000003,3.0,5.0,86.99
130.18699999999998,1.7397,0.0,2.0,26.3
462.11800000000017,3.384820000000004,0.0,2.0,18.46
210.233,0.5709000000000001,2.0,3.0,75.27000000000001
134.178,1.73642,0.0,1.0,17.07
281.827,3.5854000000000026,0.0,2.0,20.31
836.9690000000007,1.5781000000000034,7.0,15.0,248.2
96.08499999999998,1.0920999999999998,0.0,2.0,30.21
118.13899999999998,1.5628999999999995,1.0,1.0,28.68
212.248,3.0436000000000014,0.0,2.0,26.3
778.9330000000006,2.7940000000000023,7.0,12.0,229.73999999999995
170.25199999999998,2.686000000000001,0.0,2.0,26.3
276.289,-1.535299999999998,4.0,6.0,138.95
229.279,3.012900000000001,2.0,3.0,41.49
284.267,2.879800000000001,2.0,5.0,79.9
181.14835484,-3.2213999999999987,5.0,6.0,110.38
244.315,3.713300000000002,1.0,3.0,29.46
274.317,-0.1175999999999986,3.0,5.0,118.72
86.845,-5.992,0.0,0.0,0.0
178.233,0.3689,1.0,3.0,69.23
218.296,3.289100000000002,0.0,2.0,26.3
142.198,1.9058,0.0,2.0,26.3
156.26899999999998,2.441100000000001,1.0,1.0,20.23
470.51800000000026,3.1374000000000013,0.0,8.0,104.57
967.0210000000008,-5.1138999999999815,14.0,23.0,374.13000000000005
154.253,2.671400000000001,1.0,1.0,20.23
271.317,-0.4429999999999973,4.0,4.0,121.52
250.29799999999992,1.6392999999999998,2.0,3.0,75.27000000000001
184.279,3.052500000000002,0.0,2.0,26.3
272.30100000000004,-0.3635999999999986,3.0,5.0,118.72
126.11099999999996,0.8033999999999997,3.0,3.0,60.69
232.2359999999999,-1.1421999999999997,3.0,5.0,118.72
248.366,4.132800000000004,0.0,2.0,26.3
406.9069999999999,6.609000000000001,2.0,2.0,40.46
105.093,-1.6094,3.0,3.0,83.55
266.297,0.3721000000000005,3.0,4.0,101.65
93.129,1.39002,0.0,1.0,12.89
143.142,0.3735999999999999,0.0,3.0,46.61
822.9420000000009,2.2456000000000023,8.0,13.0,267.04
192.302,3.6582000000000026,0.0,1.0,17.07
90.122,-0.2503999999999999,2.0,2.0,40.46
360.244,0.5982999999999998,2.0,5.0,109.57
110.11199999999998,1.0978,2.0,2.0,40.46
246.263,-0.7536999999999987,3.0,5.0,118.72
246.347,2.0235,2.0,4.0,66.76
270.24,2.5768000000000004,3.0,5.0,90.9
190.283,0.8737999999999999,2.0,2.0,71.96000000000001
304.29900000000004,-1.2120999999999975,3.0,7.0,145.02
514.5710000000003,3.6902000000000026,0.0,9.0,121.64000000000004
133.886,0.09387,0.0,1.0,23.79
302.329,4.282800000000003,1.0,2.0,54.370000000000005
328.361,-0.4702000000000004,5.0,7.0,119.61
290.316,-1.1467999999999987,4.0,6.0,138.95
132.22799999999998,1.9221,0.0,2.0,17.07
602.5890000000002,-0.9291999999999958,3.0,13.0,190.95
732.6829999999995,0.1185000000000102,0.0,4.0,52.6
114.144,0.9446,0.0,2.0,34.14
172.268,2.1527000000000003,1.0,2.0,37.3
276.382,4.297400000000002,1.0,4.0,29.46
139.198,2.3369,1.0,2.0,32.59
226.275,3.571200000000002,1.0,2.0,29.46
217.022,1.9395,1.0,3.0,69.16
134.17799999999997,1.8181,0.0,1.0,17.07
287.247,2.9089,5.0,5.0,112.45
154.23399999999998,2.56754,0.0,2.0,17.07
220.378,3.4372000000000025,0.0,2.0,26.3
291.782,2.3198,0.0,4.0,29.76
178.231,2.5299000000000005,0.0,2.0,26.3
400.5590000000002,6.473700000000006,2.0,4.0,74.6
236.355,3.400400000000002,0.0,2.0,26.3
206.28499999999997,2.699600000000001,0.0,2.0,26.3
424.5630000000003,1.9185000000000003,0.0,5.0,98.46
177.18099999999998,-0.3284999999999999,1.0,4.0,72.47
198.30599999999995,2.974500000000001,0.0,2.0,26.3
170.25199999999998,2.686000000000001,0.0,2.0,26.3
222.444,4.407900000000003,0.0,3.0,0.0
150.18099999999998,1.4856200000000002,2.0,1.0,55.120000000000005
524.5630000000004,-0.9546999999999992,7.0,11.0,190.28
300.365,5.244200000000004,1.0,3.0,49.11
822.9420000000008,2.245600000000002,8.0,13.0,267.04
272.29999999999995,2.920400000000001,2.0,4.0,58.92
179.219,2.0437,1.0,2.0,38.33
216.281,0.4832999999999992,3.0,3.0,92.42
581.5800000000003,-8.161100000000012,12.0,15.0,336.43
240.259,0.1287999999999995,3.0,4.0,105.56
433.9360000000002,4.760100000000003,2.0,5.0,79.9
152.237,2.878000000000001,0.0,1.0,17.07
294.307,-0.3110999999999985,3.0,5.0,118.72
339.3660000000001,-0.3953999999999982,1.0,8.0,115.54000000000002
548.5410000000004,0.4454999999999994,6.0,12.0,192.44
208.30100000000004,2.406700000000001,1.0,2.0,29.46
242.318,3.7470000000000026,1.0,2.0,29.46
344.36400000000015,-0.2877999999999985,3.0,7.0,145.02
604.8220000000002,4.462600000000006,3.0,10.0,133.14
428.4380000000003,0.3408000000000006,3.0,9.0,171.31999999999996
424.62900000000025,5.952100000000007,0.0,4.0,24.94
298.346,1.0224999999999989,3.0,4.0,83.12
180.203,2.2460000000000004,0.0,3.0,39.44
202.297,3.8492000000000033,0.0,1.0,17.07
142.242,2.935900000000001,0.0,1.0,17.07
268.28799999999995,0.6748999999999994,3.0,3.0,92.42000000000002
126.19899999999996,2.3218000000000005,0.0,1.0,17.07
126.19899999999996,2.3218000000000005,0.0,1.0,17.07
244.25,0.8664999999999999,2.0,3.0,75.27000000000001
180.207,1.5759,2.0,2.0,64.35
46.025000000000006,-0.2991999999999999,1.0,1.0,37.3
166.176,1.5688999999999995,1.0,3.0,46.53
259.762,2.0905,0.0,4.0,46.09
198.203,-0.2991000000000001,2.0,4.0,89.26
194.183,-2.5656999999999988,4.0,6.0,99.38
258.402,4.166400000000004,0.0,3.0,27.69
174.259,-7.329999999999999,0.0,4.0,80.25999999999999
488.5330000000003,2.091799999999999,2.0,9.0,135.8
227.241,0.5174000000000001,1.0,4.0,72.47
102.13299999999998,0.8154,0.0,2.0,26.3
344.3630000000001,2.2295000000000003,2.0,6.0,77.38000000000001
131.17499999999995,0.4443999999999999,2.0,2.0,63.31999999999999
256.254,-1.1347000000000005,4.0,6.0,99.38
190.28599999999997,3.4342000000000024,0.0,1.0,17.07
260.29,-0.3635999999999986,3.0,5.0,118.72
392.5800000000002,4.477900000000004,3.0,3.0,77.76
68.079,0.4096999999999999,1.0,1.0,28.68
130.18699999999998,1.5956,0.0,2.0,26.3
303.20000000000005,-1.052299999999998,0.0,2.0,29.540000000000003
194.186,1.3742,0.0,4.0,44.760000000000005
136.14999999999998,1.3137,1.0,1.0,37.3
252.22600000000003,0.981,4.0,3.0,115.73
165.192,1.6535999999999995,1.0,2.0,38.33
330.3640000000001,2.1218000000000004,0.0,8.0,71.06
335.48799999999994,3.6460000000000026,0.0,4.0,38.77
323.908,4.362200000000004,1.0,2.0,23.47
879.0940000000005,4.694200000000008,3.0,15.0,187.13
290.31600000000003,-1.1451999999999978,4.0,6.0,138.95
318.237,1.6935999999999998,6.0,8.0,151.59
172.23099999999997,2.5006200000000005,0.0,2.0,25.78
342.297,-5.395599999999995,8.0,11.0,189.53
178.231,2.432300000000001,0.0,2.0,18.46
276.289,-1.3927999999999985,4.0,6.0,138.95
278.33,-0.8006999999999991,3.0,6.0,118.72000000000004
294.307,-0.3110999999999985,3.0,5.0,118.72
230.308,0.7292999999999992,3.0,3.0,92.42
171.58299999999997,1.6203999999999998,2.0,2.0,63.31999999999999
290.31600000000003,-1.0026999999999993,4.0,6.0,138.95
233.22699999999995,1.1544799999999995,3.0,3.0,102.22
290.271,1.5460999999999996,5.0,6.0,110.38
162.188,1.9073,0.0,2.0,26.3
238.37099999999995,4.122700000000004,0.0,2.0,26.3
458.37500000000017,2.2332,8.0,11.0,197.37
284.428,4.239400000000003,0.0,3.0,6.48
198.138,0.19,2.0,5.0,123.76000000000002
186.32,2.7001000000000013,1.0,2.0,17.07
316.447,4.538900000000003,1.0,4.0,29.46
288.255,2.2155000000000005,4.0,6.0,107.22
259.261,0.8204999999999998,1.0,3.0,66.48
256.257,2.6995000000000005,3.0,4.0,77.76
254.241,2.871200000000001,2.0,4.0,70.67000000000002
130.18699999999998,1.7397,0.0,2.0,26.3
174.243,2.924900000000001,0.0,1.0,17.07
151.209,1.6606,0.0,2.0,22.12
438.4610000000002,4.882400000000003,2.0,7.0,110.93
166.99899999999997,-6.563000000000001,0.0,3.0,69.17999999999999
945.15,-0.2491999999999901,12.0,18.0,298.14
112.128,1.2033,1.0,1.0,37.3
156.22499999999997,2.2959000000000005,0.0,2.0,26.3
164.24799999999996,3.022100000000002,0.0,1.0,17.07
274.31699999999995,0.026500000000001,3.0,5.0,118.72
390.44300000000015,2.3311,5.0,3.0,124.0
392.5800000000002,4.477900000000004,3.0,3.0,77.76
142.15399999999997,1.1538,1.0,3.0,46.53
354.40200000000004,4.3216000000000045,2.0,5.0,75.99
127.19100000000002,0.2259999999999998,2.0,1.0,64.39999999999999
102.13299999999998,1.1171,1.0,1.0,37.3
172.26799999999997,2.621800000000001,0.0,2.0,26.3
342.297,-5.395599999999995,8.0,11.0,189.53
258.2699999999999,0.5111999999999999,1.0,6.0,82.06
342.297,-5.397199999999994,8.0,11.0,189.53
116.189,0.0056,2.0,1.0,38.05
414.3650000000001,3.9445200000000034,0.0,3.0,57.2
194.23,1.9224,1.0,3.0,46.53
212.249,0.9389999999999998,2.0,3.0,75.27000000000001
145.143,0.6335,1.0,5.0,82.05
397.6350000000001,-1.6561000000000003,5.0,8.0,128.84
72.107,0.9854,0.0,1.0,17.07
274.317,-0.1175999999999986,3.0,5.0,118.72
424.40200000000016,-1.3694999999999982,3.0,10.0,148.82
270.284,2.3005000000000004,1.0,4.0,47.92
272.32499999999993,3.3377000000000017,1.0,3.0,54.370000000000005
343.42300000000006,3.189700000000002,1.0,5.0,51.16000000000001
246.262,2.4707000000000003,2.0,4.0,58.92
147.26199999999997,1.7060000000000002,0.0,1.0,30.0
354.45000000000005,2.647100000000001,2.0,4.0,65.56
274.317,0.024900000000001,3.0,5.0,118.72
302.238,1.987999999999999,5.0,7.0,131.36
455.5110000000002,1.6365000000000005,5.0,5.0,142.95999999999998
148.16099999999997,1.5381999999999998,0.0,2.0,26.3
208.257,2.2646000000000006,0.0,3.0,35.53
359.4420000000001,1.7273999999999994,1.0,5.0,94.5
596.8150000000003,4.582900000000004,0.0,5.0,97.82
303.833,3.343900000000001,2.0,2.0,32.26
154.20899999999995,1.7431,0.0,2.0,26.3
160.16899999999998,0.5027,0.0,4.0,52.60000000000001
272.29999999999995,2.8842000000000008,2.0,3.0,66.76
379.1890000000001,-2.9025999999999974,6.0,9.0,149.07
184.16424199,-3.585399999999998,6.0,6.0,121.38
116.15999999999998,1.3496,0.0,2.0,26.3
177.21099999999998,-0.0938,3.0,1.0,102.78
272.29999999999995,2.9219000000000013,2.0,4.0,66.76
138.21,2.3218000000000005,0.0,1.0,17.07
344.313,-5.7611999999999925,9.0,11.0,200.53
192.214,1.9369,0.0,3.0,35.53
232.23599999999996,-1.1437999999999997,3.0,5.0,118.72
228.247,2.9738000000000016,3.0,3.0,60.69
347.22400000000005,-1.863,5.0,10.0,186.07
280.4519999999999,5.884500000000005,1.0,1.0,37.3
318.328,4.408100000000003,1.0,3.0,63.60000000000001
206.285,2.8184000000000013,0.0,2.0,26.3
460.532,-0.2534999999999999,4.0,7.0,108.61
397.3460000000003,4.016800000000003,1.0,4.0,45.59
240.38699999999992,3.5229000000000026,1.0,2.0,29.46
472.88800000000015,-2.653699999999996,2.0,2.0,43.17
148.20499999999998,2.0806,1.0,1.0,20.23
342.297,-5.397199999999994,8.0,11.0,189.53
201.697,3.190300000000001,1.0,2.0,32.59
312.321,3.485800000000002,0.0,5.0,57.900000000000006
642.7390000000005,-0.1965999999999957,8.0,12.0,215.83
130.18699999999995,1.7381,0.0,2.0,26.3
286.239,2.2824,4.0,6.0,111.13000000000002
142.19799999999998,1.7617,0.0,2.0,26.3
102.133,0.9595,0.0,2.0,26.3
342.297,-5.397199999999994,8.0,11.0,189.53
270.23999999999995,2.314,2.0,3.0,91.67
166.17599999999996,1.5163,0.0,3.0,35.53
238.242,3.1656000000000013,1.0,3.0,50.44
290.34,3.3322000000000016,2.0,5.0,58.92
196.28999999999996,3.076100000000002,0.0,2.0,26.3
172.268,2.765900000000001,0.0,2.0,26.3
200.322,3.6902000000000026,0.0,2.0,26.3
160.172,2.553720000000001,0.0,2.0,30.21
698.6740000000003,1.6502999999999988,7.0,15.0,238.97
224.34399999999997,4.020800000000003,0.0,2.0,26.3
246.218,2.5564,0.0,5.0,61.81
358.34600000000006,2.2663000000000006,3.0,7.0,113.29
204.269,3.0431000000000017,0.0,2.0,26.3
418.5300000000002,4.031400000000003,0.0,6.0,55.38000000000001
339.3910000000001,3.860000000000003,0.0,5.0,49.81
218.33999999999995,3.904200000000003,0.0,1.0,17.07
166.21999999999997,1.848,0.0,2.0,18.46
318.3260000000001,-0.8219999999999976,3.0,7.0,145.02
166.22,3.042600000000002,0.0,2.0,30.21
269.28200000000004,1.3558999999999997,3.0,4.0,104.5
122.12,-2.3071999999999995,4.0,4.0,80.92
363.3540000000001,1.7662999999999998,4.0,4.0,105.39
200.322,3.6902000000000026,0.0,2.0,26.3
88.14999999999999,1.0248,1.0,1.0,20.23
62.068000000000005,-1.029,2.0,2.0,40.46
342.297,-5.397199999999994,8.0,11.0,189.53
223.232,2.1263,2.0,3.0,84.27000000000001
370.35100000000006,-4.0873999999999935,6.0,11.0,167.53
348.27,-2.4639999999999995,5.0,8.0,128.84
181.14835484,-3.2213999999999987,5.0,6.0,110.38
98.14499999999998,1.3975,0.0,1.0,17.07
522.6760000000004,1.9984000000000008,3.0,10.0,133.14
130.18699999999998,1.7397,0.0,2.0,26.3
260.29,-0.3635999999999986,3.0,5.0,118.72
108.14,1.70062,1.0,1.0,20.23
196.206,1.9658,1.0,4.0,78.39
122.18899999999998,0.7065,0.0,2.0,26.3
282.295,3.4772000000000025,0.0,4.0,48.67
214.349,4.080300000000003,0.0,2.0,26.3
260.29,-0.3651999999999984,3.0,5.0,118.72
244.33499999999995,1.2634999999999992,3.0,3.0,92.42
198.203,-0.2990999999999998,2.0,4.0,89.25999999999999
121.13899999999995,0.7855000000000001,1.0,1.0,43.09
214.30499999999995,2.6774000000000013,0.0,3.0,35.53
389.40400000000005,-2.4105999999999983,6.0,11.0,186.34
396.5440000000001,0.357000000000002,2.0,6.0,138.46
470.5180000000002,3.1374000000000013,0.0,8.0,104.57
239.18699999999995,0.8008999999999997,3.0,4.0,121.57
337.8470000000001,3.293000000000002,3.0,4.0,61.72
106.215,1.4239,0.0,2.0,0.0
224.34399999999997,4.022400000000004,0.0,2.0,26.3
88.10599999999998,0.8711,1.0,1.0,37.3
360.743,-4.149099999999996,7.0,10.0,169.29999999999998
404.4380000000001,-1.389199999999999,0.0,6.0,139.12
98.101,0.8371,0.0,2.0,26.3
141.126,0.5800000000000001,2.0,4.0,65.96000000000001
422.5180000000002,2.133,1.0,7.0,99.13
340.32500000000005,-3.977899999999997,7.0,10.0,169.29999999999998
486.6930000000003,6.154200000000006,3.0,3.0,94.83
249.26900000000003,3.6000000000000014,1.0,2.0,50.19
198.30599999999995,3.4662000000000024,0.0,2.0,26.3
222.372,4.396300000000004,1.0,1.0,20.23
194.318,4.048300000000003,0.0,1.0,17.07
282.339,3.876400000000003,0.0,3.0,35.53
158.24099999999996,2.5199000000000007,0.0,2.0,26.3
692.538,7.008500000000005,0.0,10.0,157.59999999999997
582.5550000000004,-1.350599999999999,9.0,14.0,236.05999999999997
504.6360000000004,-0.0175999999999972,4.0,12.0,145.44
162.236,1.8483,0.0,2.0,16.130000000000003
186.295,3.2985000000000024,0.0,2.0,26.3
166.17599999999996,1.4818,0.0,3.0,35.53
336.3840000000002,3.143600000000002,0.0,6.0,78.9
360.3180000000001,2.0601,3.0,8.0,122.52000000000002
482.4380000000001,-2.0199999999999987,6.0,12.0,187.9
194.186,1.433,0.0,4.0,52.60000000000001
282.43100000000004,4.148800000000003,1.0,1.0,19.03
114.188,1.9891,0.0,1.0,9.23
188.223,1.2829000000000002,0.0,4.0,52.60000000000001
80.07543360000001,-2.98162,0.0,2.0,23.79
416.081,-0.4096000000000008,4.0,7.0,108.61
398.6280000000004,7.829600000000009,0.0,4.0,52.6
342.297,-5.397199999999994,8.0,11.0,189.53
286.283,2.5606000000000004,2.0,5.0,75.99
342.297,-5.397199999999994,8.0,11.0,189.53
229.104,1.1168000000000005,1.0,7.0,149.65000000000003
62.137,0.9792,0.0,1.0,0.0
302.282,1.3204999999999996,5.0,6.0,110.38
520.4870000000003,0.7640999999999989,3.0,11.0,167.28
303.337,3.588400000000001,3.0,4.0,76.38
228.32,3.4955000000000016,2.0,1.0,24.06
286.239,2.2824,4.0,6.0,111.13
290.32300000000004,1.2575999999999998,2.0,7.0,105.51
348.43900000000014,3.2353000000000023,2.0,5.0,91.67
306.38400000000007,-0.0220999999999985,3.0,6.0,118.72000000000004
128.171,1.4921,0.0,2.0,26.3
453.4540000000002,4.744400000000004,0.0,4.0,32.78
196.202,1.50962,0.0,4.0,56.51
205.265,1.2789199999999998,0.0,5.0,46.32000000000001
342.297,-5.397199999999994,8.0,11.0,189.53
180.156,-3.2213999999999987,5.0,6.0,110.38
195.247,1.18364,2.0,4.0,71.77
516.6750000000004,3.8434000000000026,4.0,7.0,132.13000000000002
152.237,2.401700000000001,0.0,1.0,17.07
286.32800000000003,-0.117599999999999,3.0,5.0,118.72
678.5930000000003,-0.8291999999999908,0.0,19.0,238.08999999999995
180.156,-3.2213999999999987,5.0,6.0,110.38
319.314,-1.705899999999996,4.0,8.0,157.04999999999998
284.311,3.404600000000002,1.0,3.0,63.60000000000001
184.279,2.9320000000000013,0.0,2.0,26.3
96.129,1.3176,0.0,1.0,17.07
284.39899999999994,4.746400000000004,1.0,2.0,29.46
208.21699999999996,1.2828,3.0,2.0,78.43
88.106,-0.0438,1.0,2.0,37.3
402.3990000000002,3.5116000000000023,0.0,8.0,85.59000000000002
331.8910000000001,3.9959000000000033,0.0,3.0,19.37
241.2,-5.149599999999998,0.0,3.0,132.56
297.355,-0.1969999999999973,4.0,4.0,121.52
112.128,0.5545,0.0,2.0,34.14
260.314,3.4189000000000016,2.0,4.0,49.69
351.406,1.8498,4.0,3.0,108.21
146.18899999999996,2.2888,0.0,1.0,17.07
454.5190000000003,3.9246000000000034,0.0,7.0,95.34
414.4720000000001,3.066700000000001,0.0,1.0,9.23
362.42200000000014,1.1953999999999998,2.0,6.0,93.06
176.215,2.2629,0.0,2.0,26.3
199.278,3.894800000000001,1.0,2.0,12.03
156.225,2.2959000000000005,0.0,2.0,26.3
180.156,-3.2213999999999987,5.0,6.0,110.38
67.091,1.0147,1.0,0.0,15.79
198.306,3.3221000000000016,0.0,2.0,26.3
394.4710000000002,2.1097,0.0,5.0,51.24
180.156,-3.2213999999999987,5.0,6.0,110.38
337.27599999999995,-5.271759999999997,2.0,5.0,75.91
246.30599999999995,2.419600000000001,0.0,3.0,43.370000000000005
260.29,-0.3651999999999988,3.0,5.0,118.72
182.219,2.513000000000001,0.0,3.0,39.44
212.333,3.8563000000000023,0.0,2.0,26.3
368.499,2.4998,4.0,4.0,126.64
224.256,2.224800000000001,1.0,4.0,47.92
192.214,1.6895999999999998,0.0,3.0,38.83
303.15600000000006,1.6357000000000002,1.0,3.0,66.48
636.8670000000006,4.583200000000009,6.0,8.0,156.91
248.322,2.4518000000000004,0.0,3.0,38.83
272.369,3.8328000000000015,1.0,3.0,29.46
184.279,3.076100000000002,0.0,2.0,26.3
260.334,2.0227,2.0,4.0,90.65
473.56600000000026,3.3254,4.0,5.0,135.37
394.5150000000001,3.1068000000000007,0.0,4.0,49.85
270.28399999999993,2.8550000000000013,1.0,4.0,55.76
592.6930000000003,0.615840000000003,8.0,10.0,267.4
220.356,4.295620000000003,1.0,1.0,20.23
224.34399999999997,4.022400000000004,0.0,2.0,26.3
230.311,2.607820000000001,0.0,3.0,26.93
198.306,3.2985000000000024,0.0,2.0,26.3
180.156,-3.2213999999999987,5.0,6.0,110.38
344.313,-5.7611999999999925,9.0,11.0,200.53
344.313,-5.7611999999999925,9.0,11.0,200.53
130.18699999999998,1.5956,0.0,2.0,26.3
98.14499999999998,1.5416,0.0,1.0,17.07
370.35100000000006,-4.087399999999992,6.0,11.0,167.53
342.297,-5.397199999999994,8.0,11.0,189.53
224.34399999999997,3.854700000000003,0.0,2.0,26.3
180.203,1.8719,0.0,3.0,35.53
330.37699999999995,-0.4930999999999992,4.0,7.0,116.45
356.324,-4.741499999999992,7.0,11.0,178.53
360.8850000000001,0.4337999999999998,1.0,4.0,45.59
198.171,-4.046099999999998,5.0,6.0,141.88
86.13399999999999,1.3755,0.0,1.0,17.07
967.0210000000012,-5.1138999999999815,14.0,23.0,374.13000000000005
262.285,-2.2700999999999976,1.0,3.0,81.59
154.25299999999996,2.8138000000000014,0.0,1.0,17.07
180.156,-3.377199999999999,5.0,6.0,118.22
180.156,-3.2213999999999987,5.0,6.0,110.38
336.447,3.3322000000000025,2.0,3.0,57.53
402.5310000000002,4.073300000000003,1.0,4.0,88.50999999999999
182.17899999999997,1.5757,1.0,4.0,78.38999999999999
204.269,2.899000000000002,0.0,2.0,26.3
274.317,-0.1175999999999986,3.0,5.0,118.72
301.346,-0.938199999999998,2.0,3.0,103.87
408.47000000000014,-0.6788000000000007,2.0,6.0,126.48
496.5530000000003,-0.3592999999999988,5.0,10.0,162.98000000000002
300.83000000000004,3.038800000000001,1.0,4.0,41.57
839.9730000000009,2.407600000000003,9.0,14.0,302.04
286.3280000000001,0.0264999999999999,3.0,5.0,118.72
194.183,-2.5672999999999995,4.0,6.0,99.38
182.263,2.2389,1.0,2.0,37.3
362.4660000000001,1.7816,3.0,5.0,94.83
163.17599999999996,1.4868,0.0,3.0,47.03
258.273,3.0086000000000013,1.0,4.0,47.92
260.289,2.5215000000000005,0.0,4.0,51.97
353.3300000000001,3.517800000000004,1.0,6.0,110.65
254.241,2.8712,2.0,4.0,70.67
234.20799999999997,-2.5614999999999988,4.0,6.0,138.95
756.9379999999996,4.298000000000003,5.0,10.0,233.84
210.31699999999995,3.6323000000000025,0.0,2.0,26.3
182.26299999999995,2.686000000000001,0.0,2.0,26.3
254.241,2.871200000000001,2.0,4.0,70.67
222.243,3.4600000000000017,0.0,2.0,30.21
265.362,0.60774,2.0,5.0,75.91
302.282,2.5185000000000004,3.0,6.0,96.22
146.18899999999996,2.2888,0.0,1.0,17.07
168.236,2.1332000000000004,0.0,2.0,26.3
192.302,3.5141000000000027,0.0,1.0,17.07
84.11800000000001,1.1515,0.0,1.0,17.07
300.35400000000004,3.2902000000000022,1.0,4.0,55.760000000000005
154.25299999999996,2.6714000000000016,1.0,1.0,20.23
254.241,2.8712,2.0,4.0,70.67
84.118,1.1515,0.0,1.0,17.07
123.155,1.52572,1.0,1.0,32.86
636.8670000000006,4.583200000000007,6.0,8.0,156.91
204.26900000000003,3.1997000000000018,0.0,2.0,26.3
198.30599999999995,3.4426000000000023,0.0,2.0,26.3
146.189,2.2056000000000004,0.0,1.0,17.07
885.0540000000008,0.4027000000000066,9.0,17.0,263.74999999999994
564.5400000000004,0.1511,7.0,13.0,212.67
182.172,-3.585399999999998,6.0,6.0,121.38
374.342,-2.476699999999998,5.0,10.0,155.14
184.279,3.052500000000002,0.0,2.0,26.3
196.202,1.5775,1.0,4.0,55.760000000000005
102.13299999999998,0.8154,0.0,2.0,26.3
102.13299999999998,1.1171,1.0,1.0,37.3
388.3960000000001,-2.753199999999999,5.0,12.0,189.17
155.19999999999996,2.7486000000000006,0.0,1.0,12.89
234.383,4.462100000000004,0.0,1.0,9.23
394.4710000000002,2.1097,0.0,5.0,51.24000000000001
238.674,1.7756999999999998,3.0,2.0,79.11000000000001
260.29,-0.3635999999999986,3.0,5.0,118.72
34.083,0.1128,0.0,0.0,0.0
260.269,-0.8608000000000002,1.0,3.0,77.34
342.297,-5.397199999999994,8.0,11.0,189.53
445.42900000000026,1.7251000000000003,1.0,1.0,20.23
344.313,-5.7611999999999925,9.0,11.0,200.53
256.257,2.8043000000000013,2.0,4.0,66.76
186.295,3.3001000000000023,0.0,2.0,26.3
106.12099999999998,-1.0124,2.0,3.0,49.69
405.428,1.7451000000000003,4.0,5.0,127.53
515.8680000000002,2.9534000000000047,7.0,5.0,183.68
460.164,-23.2276,5.0,6.0,173.38
148.227,1.3026,0.0,3.0,26.3
223.31599999999997,2.536500000000001,2.0,3.0,41.49
156.22499999999997,2.1041,0.0,2.0,18.46
272.30100000000004,-0.2194999999999998,3.0,5.0,118.72
204.269,2.738500000000001,0.0,2.0,26.3
194.318,3.738100000000003,0.0,1.0,17.07
222.372,4.397900000000004,1.0,1.0,20.23
274.795,3.818600000000002,0.0,2.0,16.130000000000003
333.278,0.4523999999999997,3.0,7.0,164.94
286.283,2.8129000000000013,2.0,5.0,75.99000000000001
143.189,2.5432200000000007,0.0,1.0,12.89
228.185,0.0268999999999999,1.0,5.0,106.38
2.016,0.246,0.0,0.0,0.0
28.01,-0.03751,0.0,0.0,19.9
184.279,2.9320000000000013,0.0,2.0,26.3
342.297,-5.397199999999994,8.0,11.0,189.53
228.185,0.0268999999999998,1.0,5.0,106.38
797.0359999999997,3.5977000000000032,6.0,13.0,193.83
136.23799999999997,3.308900000000002,0.0,0.0,0.0
150.17699999999996,2.2719000000000005,0.0,2.0,30.21
360.743,-4.149099999999996,7.0,10.0,169.29999999999998
226.36,4.102300000000004,0.0,2.0,26.3
342.297,-5.397199999999994,8.0,11.0,189.53
191.208,0.0616000000000001,1.0,4.0,72.47
150.22099999999998,2.4879000000000007,0.0,1.0,17.07
342.297,-5.397199999999994,8.0,11.0,189.53
375.9400000000001,4.697300000000006,0.0,3.0,29.54
260.314,3.584100000000002,1.0,4.0,38.69
342.297,-5.397199999999994,8.0,11.0,189.53
210.233,2.3559,1.0,4.0,78.38999999999999
166.21999999999997,2.529620000000001,2.0,2.0,40.46
80.08999999999999,0.4765999999999999,0.0,2.0,25.78
345.42,4.124600000000003,1.0,5.0,56.790000000000006
302.282,2.5185000000000004,3.0,6.0,96.22
307.221,-1.992299999999996,2.0,3.0,56.760000000000005
580.5390000000003,-1.165200000000001,8.0,14.0,225.05999999999997
100.161,1.7656,0.0,1.0,17.07
128.156,0.4324899999999999,2.0,2.0,48.65
733.9370000000001,1.785600000000004,5.0,14.0,193.91
594.5660000000004,-0.8622000000000001,7.0,14.0,214.06
492.5650000000002,2.899500000000001,0.0,9.0,109.89
288.255,1.4807,4.0,6.0,107.22
155.157,-0.6359000000000001,3.0,3.0,92.0
467.6030000000002,0.2710000000000028,3.0,8.0,100.85000000000002
131.17499999999995,0.4443999999999999,2.0,2.0,63.31999999999999
196.246,3.016700000000002,0.0,3.0,39.44
240.258,2.955000000000001,0.0,3.0,35.53
223.294,-0.5298000000000003,1.0,3.0,63.24
370.35700000000014,3.0000000000000018,0.0,7.0,88.13
79.865,-0.2401,0.0,2.0,34.14
185.69800000000004,2.2588,1.0,1.0,12.03
308.357,3.176400000000001,0.0,3.0,41.83
262.26199999999994,-1.781299999999998,4.0,6.0,138.95
408.4030000000001,-0.3402999999999995,2.0,9.0,128.59
154.253,2.671400000000001,1.0,1.0,20.23
274.25500000000005,-0.4422999999999988,1.0,2.0,60.27
242.23,2.3214,2.0,3.0,74.6
279.383,3.9624000000000033,0.0,2.0,12.47
132.11899999999997,-1.7262999999999993,3.0,3.0,106.40999999999998
346.3790000000001,1.0576,2.0,6.0,93.06
170.25199999999998,2.6624000000000008,0.0,2.0,26.3
358.39000000000004,2.532700000000001,1.0,6.0,85.97
147.628,-2.8278,0.0,3.0,63.19
379.43500000000006,3.6784000000000026,1.0,4.0,58.1
494.5370000000003,-0.1510999999999995,4.0,10.0,159.82000000000002
302.238,1.988,5.0,7.0,131.36
264.32500000000005,0.9259000000000004,3.0,3.0,92.42
271.321,-1.6385999999999976,5.0,4.0,142.83
27.026,0.13978,0.0,1.0,23.79
299.842,3.056400000000001,1.0,3.0,32.7
822.9419999999998,2.245600000000006,8.0,13.0,267.04
152.237,2.878000000000001,0.0,1.0,17.07
164.157,-2.3512,4.0,5.0,97.99
822.9420000000007,1.4897000000000034,8.0,14.0,259.2
119.164,1.2791,2.0,2.0,72.3
234.204,-0.9833,1.0,7.0,99.13000000000002
268.268,3.1742000000000017,1.0,4.0,59.67
172.26799999999994,2.910000000000001,0.0,2.0,26.3
178.23099999999997,2.736900000000001,0.0,2.0,18.46
390.47600000000017,2.610800000000001,1.0,6.0,82.06
764.9500000000003,3.2473000000000027,5.0,13.0,182.83
162.188,1.9073,0.0,2.0,26.3
130.15,1.6297999999999997,0.0,2.0,25.78
228.247,2.0071000000000003,2.0,2.0,57.53
280.309,0.8681999999999999,2.0,6.0,107.2
286.283,2.633,1.0,4.0,72.83
342.297,-5.552999999999995,8.0,11.0,197.37
327.123,3.859500000000001,2.0,4.0,92.47
364.4450000000001,2.1011,0.0,4.0,42.01
414.5860000000002,6.863800000000008,2.0,4.0,74.6
278.35099999999994,4.339200000000004,1.0,2.0,29.46
646.8180000000004,3.5732000000000035,5.0,9.0,162.98000000000002
152.146,-2.9462999999999995,5.0,5.0,101.15
593.8850000000001,0.2148,4.0,7.0,108.61
967.0210000000008,-5.11389999999998,14.0,23.0,374.13000000000005
180.156,-3.2213999999999987,5.0,6.0,110.38
303.32200000000006,-0.0807999999999991,2.0,7.0,100.35
392.40400000000017,0.4582999999999995,2.0,8.0,119.36
390.3850000000001,-2.150799999999997,5.0,10.0,155.14
142.198,1.8822,0.0,2.0,26.3
170.25199999999998,2.987700000000001,1.0,1.0,37.3
218.209,-1.532299999999999,3.0,5.0,118.72
134.178,2.19762,0.0,1.0,17.07
285.344,-0.0528999999999976,4.0,4.0,121.52
390.3410000000002,-0.524799999999999,0.0,11.0,148.57000000000002
752.951,-3.9596999999999967,8.0,12.0,400.54
372.4180000000002,0.2042000000000015,3.0,7.0,145.02
194.274,2.850500000000001,0.0,2.0,26.3
594.5660000000004,-0.8621999999999992,7.0,14.0,214.05999999999997
144.258,2.727700000000002,1.0,1.0,20.23
418.39800000000025,-0.8912000000000002,7.0,9.0,167.91
164.248,2.390100000000001,1.0,1.0,20.23
399.44300000000015,2.871600000000001,1.0,6.0,83.09
274.317,0.026500000000001,3.0,5.0,118.72
804.8800000000009,-2.9380999999999884,11.0,18.0,294.98
389.914,2.2996000000000003,2.0,2.0,57.53
166.21999999999997,2.3725000000000005,0.0,2.0,30.21
192.258,2.775900000000001,0.0,2.0,26.3
237.097,1.1350000000000002,2.0,2.0,72.19
228.291,3.1860000000000017,1.0,2.0,29.46
325.4320000000001,1.7560999999999996,2.0,3.0,46.79
238.37099999999995,4.268400000000004,0.0,2.0,26.3
247.24700000000004,-1.8949199999999995,4.0,7.0,123.17000000000002
102.13299999999998,0.9595,0.0,2.0,26.3
128.215,2.1152,1.0,1.0,20.23
154.253,2.5037000000000016,1.0,1.0,20.23
214.349,3.936200000000003,0.0,2.0,26.3
194.072,1.4253999999999998,1.0,1.0,43.09
378.42100000000016,0.9542999999999996,3.0,7.0,113.29
390.47600000000017,2.6108,1.0,6.0,82.06000000000002
306.33900000000006,2.3082000000000003,1.0,5.0,72.83
300.35500000000013,0.4165999999999998,3.0,5.0,118.72
197.215,0.4609000000000001,0.0,3.0,54.45
274.31699999999995,0.0264999999999997,3.0,5.0,118.72
242.212,0.3691000000000001,0.0,5.0,97.59
286.239,2.2824000000000004,4.0,6.0,111.13
460.8330000000002,5.008200000000004,2.0,5.0,57.620000000000005
148.20499999999998,2.4237,0.0,1.0,9.23
236.001,-1.0989000000000002,4.0,4.0,115.06
246.30599999999995,2.419600000000001,0.0,3.0,43.370000000000005
222.32800000000003,2.6527000000000016,1.0,2.0,29.46
238.286,3.443200000000002,0.0,2.0,26.3
448.4750000000001,-0.6236000000000004,6.0,10.0,181.9
402.3550000000002,3.0867400000000016,3.0,8.0,139.59
346.29100000000005,1.7571000000000003,4.0,8.0,133.52
218.209,-1.5322999999999989,3.0,5.0,118.72
274.317,-0.117599999999999,3.0,5.0,118.72
478.88500000000033,-0.1727000000000008,6.0,10.0,181.62
202.282,2.4953000000000003,2.0,1.0,38.05
28.014,0.03016,0.0,2.0,47.58
278.4359999999999,5.660500000000005,1.0,1.0,37.3
244.246,3.185700000000001,1.0,3.0,55.760000000000005
274.272,2.4634000000000014,2.0,5.0,75.99
88.106,0.5694,0.0,2.0,26.3
90.078,-0.5482,2.0,2.0,57.53
104.149,0.1413,2.0,2.0,40.46
89.09400000000001,-0.5817999999999999,2.0,2.0,63.31999999999999
158.241,2.375800000000001,0.0,2.0,26.3
274.31699999999995,0.0264999999999997,3.0,5.0,118.72
190.242,2.6530000000000014,0.0,2.0,26.3
317.82,3.262220000000001,2.0,4.0,47.86
84.11799999999998,1.1515,0.0,1.0,17.07
180.156,-3.2213999999999987,5.0,6.0,110.38
344.31300000000005,-5.7611999999999925,9.0,11.0,200.53
525.6830000000003,2.512900000000001,2.0,9.0,122.6
198.306,3.0103000000000018,0.0,2.0,26.3
276.245,-1.990699999999997,3.0,7.0,145.02
289.129,1.2935,2.0,3.0,75.27000000000001
943.134,-0.0409999999999906,11.0,18.0,294.98
258.273,2.6189000000000013,3.0,4.0,77.76
162.232,2.6251000000000007,0.0,1.0,17.07
342.297,-5.397199999999994,8.0,11.0,189.53
232.23599999999996,-1.1437999999999997,3.0,5.0,118.72
406.8660000000001,3.1144000000000007,2.0,5.0,99.96
330.315,-0.0183999999999997,0.0,4.0,70.34
180.156,-3.2213999999999987,5.0,6.0,110.38
116.15999999999998,1.2055,0.0,2.0,26.3
480.64900000000034,4.943400000000005,1.0,6.0,52.19000000000001
194.23,1.93692,0.0,3.0,35.53
822.9420000000007,1.4897000000000042,8.0,14.0,259.2
362.4660000000001,3.6254000000000026,2.0,5.0,91.67
192.258,2.4283,0.0,2.0,26.3
256.25699999999995,2.804300000000001,2.0,4.0,66.76
176.259,2.8443000000000014,0.0,1.0,17.07
191.205,-7.5148,0.0,6.0,138.36
176.215,2.2629,0.0,2.0,26.3
152.23699999999997,2.2576,0.0,1.0,17.07
116.15999999999998,1.2055,0.0,2.0,26.3
208.26,3.5827000000000018,0.0,1.0,17.07
747.964,2.4397000000000046,4.0,14.0,182.91
86.09,0.3234,0.0,2.0,26.3
342.297,-5.397199999999994,8.0,11.0,189.53
274.31699999999995,0.0264999999999997,3.0,5.0,118.72
112.17199999999995,1.9317,0.0,1.0,17.07
276.285,0.1870000000000001,1.0,7.0,99.13000000000002
342.297,-5.397199999999993,8.0,11.0,189.53
302.326,3.017600000000002,3.0,5.0,86.99000000000001
172.26799999999997,2.621800000000001,0.0,2.0,26.3
198.203,-0.2991000000000003,2.0,4.0,89.26
274.317,-0.1191999999999988,3.0,5.0,118.72
214.333,4.120000000000003,0.0,1.0,0.0
352.3500000000001,1.92928,3.0,5.0,115.97
317.3890000000001,1.6531999999999998,4.0,3.0,108.21
372.37300000000016,3.503000000000003,0.0,7.0,76.36000000000001
180.203,1.7583,0.0,3.0,35.53
408.49100000000016,2.388100000000001,3.0,7.0,117.20000000000002
156.188,2.1435999999999997,0.0,2.0,25.78
233.204,0.6476999999999999,4.0,2.0,103.78
260.2899999999999,-0.3635999999999999,3.0,5.0,118.72
180.156,-3.3787999999999987,5.0,6.0,118.22
540.5180000000004,-0.6341999999999997,6.0,13.0,201.67
119.167,2.03302,0.0,1.0,12.89
287.34,2.935100000000001,2.0,4.0,58.56
816.7680000000007,5.125600000000014,11.0,15.0,259.45
306.358,1.4428,1.0,5.0,72.83000000000001
230.263,2.2970000000000006,0.0,3.0,51.21
142.19799999999998,1.7397,0.0,2.0,26.3
180.156,-3.2213999999999987,5.0,6.0,110.38
323.4400000000001,2.9060000000000006,1.0,2.0,39.34
276.289,-1.3927999999999987,4.0,6.0,138.95
44.053,0.6879,1.0,1.0,20.23
194.23,1.8879,1.0,3.0,46.53
360.31200000000007,-6.221899999999992,8.0,11.0,221.03
86.138,-0.8208000000000002,2.0,2.0,24.06
248.235,-2.171399999999998,4.0,6.0,138.95
164.15699999999998,-2.8053999999999992,5.0,5.0,101.15
279.296,-0.3193999999999987,4.0,4.0,121.52
286.283,2.633,1.0,4.0,72.83
248.322,3.679800000000003,0.0,3.0,35.53
116.15999999999998,1.3496,0.0,2.0,26.3
150.221,2.22242,1.0,1.0,20.23
182.175,1.2744999999999995,2.0,4.0,66.76
891.500999999999,18.769099999999984,0.0,6.0,78.9
302.367,2.3849,0.0,6.0,78.9
245.66199999999995,1.1749999999999998,2.0,4.0,81.78
505.4580000000001,3.3366000000000007,6.0,2.0,177.57999999999998
100.161,1.335,1.0,1.0,20.23
164.204,1.7921999999999998,0.0,2.0,26.3
274.40399999999994,4.544900000000004,0.0,2.0,26.3
182.226,3.0245200000000008,1.0,1.0,28.68
205.235,0.4516999999999999,1.0,4.0,72.47
154.165,0.8930999999999998,2.0,3.0,49.69
248.23499999999996,-2.1713999999999984,4.0,6.0,138.95
801.0240000000005,1.1198000000000057,10.0,14.0,239.21999999999997
560.7280000000003,3.2927000000000017,4.0,8.0,141.36
190.242,2.687500000000001,0.0,2.0,26.3
224.26,0.961,2.0,3.0,75.27000000000001
342.297,-5.397199999999993,8.0,11.0,189.53
248.32199999999995,2.5216000000000003,1.0,3.0,46.53
746.927,5.693600000000005,4.0,10.0,165.78
560.988,-5.997000000000001,0.0,0.0,0.0
410.37500000000006,-0.4918800000000005,5.0,10.0,159.05
150.22099999999998,2.0000000000000004,1.0,1.0,20.23
196.20599999999996,1.9642,1.0,4.0,78.38999999999999
164.157,-2.3512,4.0,5.0,97.99
348.3950000000001,0.6463000000000001,2.0,6.0,100.9
100.161,1.335,1.0,1.0,20.23
238.287,1.3510999999999995,2.0,3.0,75.27000000000001
392.3080000000001,1.2746999999999995,1.0,6.0,65.78
218.20899999999995,-1.5338999999999992,3.0,5.0,118.72
180.167,-1.039700000000001,1.0,5.0,72.68
168.152,1.1856,1.0,4.0,78.38999999999999
260.314,3.3333000000000013,1.0,4.0,46.53
576.6930000000004,6.831200000000008,1.0,7.0,63.63000000000001
170.25199999999995,2.686000000000001,0.0,2.0,26.3
268.268,3.1742000000000017,1.0,4.0,59.67
241.2,-3.7426,0.0,3.0,128.31
182.219,0.7270199999999998,2.0,3.0,49.69
112.172,1.7656,0.0,1.0,17.07
164.204,1.9138,1.0,2.0,37.3
271.40399999999994,3.383400000000002,0.0,2.0,12.47
236.10899999999995,0.9992,0.0,3.0,29.54
111.09999999999998,1.0877,1.0,3.0,45.73
138.122,0.9102999999999996,2.0,3.0,57.53
188.227,-0.439399999999999,3.0,3.0,92.42
124.13899999999995,0.8844999999999994,2.0,2.0,40.46
1728.9900000000002,0.3049999999999749,20.0,26.0,658.1500000000001
804.8800000000008,-2.3723999999999914,11.0,17.0,294.98
180.207,1.5758999999999996,2.0,2.0,64.35
116.20399999999998,1.9475,1.0,1.0,20.23
238.599,-9.2134,5.0,6.0,110.38
146.23000000000002,1.31,2.0,2.0,40.46
921.9600000000004,-4.906609999999987,13.0,22.0,353.90000000000003
142.19799999999998,1.7617,0.0,2.0,26.3
128.21499999999995,2.5458000000000007,0.0,1.0,17.07
180.156,-3.2213999999999987,5.0,6.0,110.38
436.4130000000001,-0.2024,7.0,10.0,177.14
